id,collected_at,observed_date,stn,source,temp_avg_c,temp_max_c,temp_min_c,rain_day_mm,humidity_avg_pct,raw_fields,raw_line,api_url
2,2026-07-08T20:14:59.800960+09:00,2026-07-08,108,KMA_ASOS_DAILY,,28.6,23.4,26.1,,"{""TM"": ""20260708"", ""STN"": ""108"", ""EV_L"": ""-9.0"", ""EV_S"": ""-9.0"", ""TE_05"": ""25.8"", ""TE_10"": ""23.0"", ""TE_15"": ""21.9"", ""TE_30"": ""17.2"", ""TE_50"": ""14.4"", ""CA_TOT"": ""-9.0"", ""FG_DUR"": ""-9.00"", ""HM_AVG"": ""-9.0"", ""HM_MIN"": ""66.0"", ""PA_AVG"": ""-9.0"", ""PS_AVG"": ""-9.0"", ""PS_MAX"": ""1006.0"", ""PS_MIN"": ""1002.2"", ""PV_AVG"": ""-9.0"", ""RN_D99"": ""-9.0"", ""RN_DAY"": ""26.1"", ""RN_DUR"": ""-9.00"", ""SD_MAX"": ""-9.0"", ""SD_NEW"": ""-9.0"", ""SI_DAY"": ""-9.00"", ""SS_CMB"": ""-9.0"", ""SS_DAY"": ""-9.0"", ""SS_DUR"": ""14.6"", ""TA_AVG"": ""-99.0"", ""TA_MAX"": ""28.6"", ""TA_MIN"": ""23.4"", ""TD_AVG"": ""-99.0"", ""TG_MIN"": ""22.0"", ""TS_AVG"": ""-99.0"", ""WD_INS"": ""16"", ""WD_MAX"": ""18"", ""WR_DAY"": ""-9"", ""WS_AVG"": ""-9.0"", ""WS_INS"": ""10.4"", ""WS_MAX"": ""4.9"", ""HM_MIN_TM"": ""341"", ""PS_MAX_TM"": ""1945"", ""PS_MIN_TM"": ""247"", ""SD_MAX_TM"": ""-9"", ""SD_NEW_TM"": ""-9"", ""TA_MAX_TM"": ""1"", ""TA_MIN_TM"": ""815"", ""WS_INS_TM"": ""430"", ""WS_MAX_TM"": ""448"", ""RN_10M_MAX"": ""4.3"", ""RN_60M_MAX"": ""9.8"", ""RN_POW_MAX"": ""-9.0"", ""SI_60M_MAX"": ""-9.00"", ""RN_10M_MAX_TM"": ""443"", ""RN_60M_MAX_TM"": ""435"", ""RN_POW_MAX_TM"": ""-9"", ""SI_60M_MAX_TM"": ""-9""}","20260708,108,-9.0,-9,18,4.9,448,16,10.4,430,-99.0,28.6,1,23.4,815,-99.0,-99.0,22.0,-9.0,66.0,341,-9.0,-9.0,-9.0,-9.00,-9.0,-9.0,1006.0,1945,1002.2,247,-9.0,-9.0,14.6,-9.0,-9.00,-9.00,-9,26.1,-9.0,-9.00,9.8,435,4.3,443,-9.0,-9,-9.0,-9,-9.0,-9,25.8,23.0,21.9,17.2,14.4,",https://apihub.kma.go.kr/api/typ01/url/kma_sfcdd.php?tm=&stn=108&authKey=L_aqRjZLRCq2qkY2S3QqkA
7,2026-07-09T20:14:30.896745+09:00,2026-07-09,108,KMA_ASOS_DAILY,,25.9,22.0,37.8,,"{""TM"": ""20260709"", ""STN"": ""108"", ""EV_L"": ""-9.0"", ""EV_S"": ""-9.0"", ""TE_05"": ""-99.0"", ""TE_10"": ""-99.0"", ""TE_15"": ""-99.0"", ""TE_30"": ""-99.0"", ""TE_50"": ""-99.0"", ""CA_TOT"": ""-9.0"", ""FG_DUR"": ""-9.00"", ""HM_AVG"": ""-9.0"", ""HM_MIN"": ""83.0"", ""PA_AVG"": ""-9.0"", ""PS_AVG"": ""-9.0"", ""PS_MAX"": ""1010.8"", ""PS_MIN"": ""1006.4"", ""PV_AVG"": ""-9.0"", ""RN_D99"": ""-9.0"", ""RN_DAY"": ""37.8"", ""RN_DUR"": ""-9.00"", ""SD_MAX"": ""-9.0"", ""SD_NEW"": ""-9.0"", ""SI_DAY"": ""-9.00"", ""SS_CMB"": ""-9.0"", ""SS_DAY"": ""-9.0"", ""SS_DUR"": ""14.6"", ""TA_AVG"": ""-99.0"", ""TA_MAX"": ""25.9"", ""TA_MIN"": ""22.0"", ""TD_AVG"": ""-99.0"", ""TG_MIN"": ""21.1"", ""TS_AVG"": ""-99.0"", ""WD_INS"": ""16"", ""WD_MAX"": ""11"", ""WR_DAY"": ""-9"", ""WS_AVG"": ""-9.0"", ""WS_INS"": ""7.5"", ""WS_MAX"": ""3.8"", ""HM_MIN_TM"": ""1"", ""PS_MAX_TM"": ""1229"", ""PS_MIN_TM"": ""502"", ""SD_MAX_TM"": ""-9"", ""SD_NEW_TM"": ""-9"", ""TA_MAX_TM"": ""954"", ""TA_MIN_TM"": ""1239"", ""WS_INS_TM"": ""1031"", ""WS_MAX_TM"": ""1016"", ""RN_10M_MAX"": ""4.0"", ""RN_60M_MAX"": ""14.3"", ""RN_POW_MAX"": ""-9.0"", ""SI_60M_MAX"": ""-9.00"", ""RN_10M_MAX_TM"": ""1207"", ""RN_60M_MAX_TM"": ""1148"", ""RN_POW_MAX_TM"": ""-9"", ""SI_60M_MAX_TM"": ""-9""}","20260709,108,-9.0,-9,11,3.8,1016,16,7.5,1031,-99.0,25.9,954,22.0,1239,-99.0,-99.0,21.1,-9.0,83.0,1,-9.0,-9.0,-9.0,-9.00,-9.0,-9.0,1010.8,1229,1006.4,502,-9.0,-9.0,14.6,-9.0,-9.00,-9.00,-9,37.8,-9.0,-9.00,14.3,1148,4.0,1207,-9.0,-9,-9.0,-9,-9.0,-9,-99.0,-99.0,-99.0,-99.0,-99.0,",https://apihub.kma.go.kr/api/typ01/url/kma_sfcdd.php?tm=&stn=108&authKey=L_aqRjZLRCq2qkY2S3QqkA
13,2026-07-10T20:13:14.073201+09:00,2026-07-10,108,KMA_ASOS_DAILY,,27.7,23.6,4.1,,"{""TM"": ""20260710"", ""STN"": ""108"", ""EV_L"": ""-9.0"", ""EV_S"": ""-9.0"", ""TE_05"": ""25.4"", ""TE_10"": ""23.5"", ""TE_15"": ""22.3"", ""TE_30"": ""17.4"", ""TE_50"": ""14.4"", ""CA_TOT"": ""-9.0"", ""FG_DUR"": ""-9.00"", ""HM_AVG"": ""-9.0"", ""HM_MIN"": ""80.0"", ""PA_AVG"": ""-9.0"", ""PS_AVG"": ""-9.0"", ""PS_MAX"": ""1011.4"", ""PS_MIN"": ""1009.0"", ""PV_AVG"": ""-9.0"", ""RN_D99"": ""-9.0"", ""RN_DAY"": ""4.1"", ""RN_DUR"": ""-9.00"", ""SD_MAX"": ""-9.0"", ""SD_NEW"": ""-9.0"", ""SI_DAY"": ""-9.00"", ""SS_CMB"": ""-9.0"", ""SS_DAY"": ""-9.0"", ""SS_DUR"": ""14.6"", ""TA_AVG"": ""-99.0"", ""TA_MAX"": ""27.7"", ""TA_MIN"": ""23.6"", ""TD_AVG"": ""-99.0"", ""TG_MIN"": ""23.1"", ""TS_AVG"": ""-99.0"", ""WD_INS"": ""23"", ""WD_MAX"": ""20"", ""WR_DAY"": ""-9"", ""WS_AVG"": ""-9.0"", ""WS_INS"": ""9.4"", ""WS_MAX"": ""5.2"", ""HM_MIN_TM"": ""1209"", ""PS_MAX_TM"": ""1220"", ""PS_MIN_TM"": ""127"", ""SD_MAX_TM"": ""-9"", ""SD_NEW_TM"": ""-9"", ""TA_MAX_TM"": ""1636"", ""TA_MIN_TM"": ""1"", ""WS_INS_TM"": ""1225"", ""WS_MAX_TM"": ""1214"", ""RN_10M_MAX"": ""1.9"", ""RN_60M_MAX"": ""2.1"", ""RN_POW_MAX"": ""-9.0"", ""SI_60M_MAX"": ""-9.00"", ""RN_10M_MAX_TM"": ""1649"", ""RN_60M_MAX_TM"": ""1605"", ""RN_POW_MAX_TM"": ""-9"", ""SI_60M_MAX_TM"": ""-9""}","20260710,108,-9.0,-9,20,5.2,1214,23,9.4,1225,-99.0,27.7,1636,23.6,1,-99.0,-99.0,23.1,-9.0,80.0,1209,-9.0,-9.0,-9.0,-9.00,-9.0,-9.0,1011.4,1220,1009.0,127,-9.0,-9.0,14.6,-9.0,-9.00,-9.00,-9,4.1,-9.0,-9.00,2.1,1605,1.9,1649,-9.0,-9,-9.0,-9,-9.0,-9,25.4,23.5,22.3,17.4,14.4,",https://apihub.kma.go.kr/api/typ01/url/kma_sfcdd.php?tm=&stn=108&authKey=L_aqRjZLRCq2qkY2S3QqkA
19,2026-07-11T20:13:24.543963+09:00,2026-07-11,108,KMA_ASOS_DAILY,,32.6,24.7,,,"{""TM"": ""20260711"", ""STN"": ""108"", ""EV_L"": ""-9.0"", ""EV_S"": ""-9.0"", ""TE_05"": ""25.5"", ""TE_10"": ""23.5"", ""TE_15"": ""22.5"", ""TE_30"": ""17.7"", ""TE_50"": ""14.5"", ""CA_TOT"": ""-9.0"", ""FG_DUR"": ""-9.00"", ""HM_AVG"": ""-9.0"", ""HM_MIN"": ""56.0"", ""PA_AVG"": ""-9.0"", ""PS_AVG"": ""-9.0"", ""PS_MAX"": ""1012.3"", ""PS_MIN"": ""1010.0"", ""PV_AVG"": ""-9.0"", ""RN_D99"": ""-9.0"", ""RN_DAY"": ""-9.0"", ""RN_DUR"": ""-9.00"", ""SD_MAX"": ""-9.0"", ""SD_NEW"": ""-9.0"", ""SI_DAY"": ""-9.00"", ""SS_CMB"": ""-9.0"", ""SS_DAY"": ""-9.0"", ""SS_DUR"": ""14.6"", ""TA_AVG"": ""-99.0"", ""TA_MAX"": ""32.6"", ""TA_MIN"": ""24.7"", ""TD_AVG"": ""-99.0"", ""TG_MIN"": ""22.2"", ""TS_AVG"": ""-99.0"", ""WD_INS"": ""18"", ""WD_MAX"": ""20"", ""WR_DAY"": ""-9"", ""WS_AVG"": ""-9.0"", ""WS_INS"": ""6.3"", ""WS_MAX"": ""3.5"", ""HM_MIN_TM"": ""1320"", ""PS_MAX_TM"": ""1"", ""PS_MIN_TM"": ""1837"", ""SD_MAX_TM"": ""-9"", ""SD_NEW_TM"": ""-9"", ""TA_MAX_TM"": ""1643"", ""TA_MIN_TM"": ""537"", ""WS_INS_TM"": ""1346"", ""WS_MAX_TM"": ""1354"", ""RN_10M_MAX"": ""-9.0"", ""RN_60M_MAX"": ""-9.0"", ""RN_POW_MAX"": ""-9.0"", ""SI_60M_MAX"": ""-9.00"", ""RN_10M_MAX_TM"": ""-9"", ""RN_60M_MAX_TM"": ""-9"", ""RN_POW_MAX_TM"": ""-9"", ""SI_60M_MAX_TM"": ""-9""}","20260711,108,-9.0,-9,20,3.5,1354,18,6.3,1346,-99.0,32.6,1643,24.7,537,-99.0,-99.0,22.2,-9.0,56.0,1320,-9.0,-9.0,-9.0,-9.00,-9.0,-9.0,1012.3,1,1010.0,1837,-9.0,-9.0,14.6,-9.0,-9.00,-9.00,-9,-9.0,-9.0,-9.00,-9.0,-9,-9.0,-9,-9.0,-9,-9.0,-9,-9.0,-9,25.5,23.5,22.5,17.7,14.5,",https://apihub.kma.go.kr/api/typ01/url/kma_sfcdd.php?tm=&stn=108&authKey=L_aqRjZLRCq2qkY2S3QqkA
25,2026-07-12T20:12:40.843299+09:00,2026-07-12,108,KMA_ASOS_DAILY,,35.0,25.2,,,"{""TM"": ""20260712"", ""STN"": ""108"", ""EV_L"": ""-9.0"", ""EV_S"": ""-9.0"", ""TE_05"": ""26.1"", ""TE_10"": ""23.5"", ""TE_15"": ""22.5"", ""TE_30"": ""17.8"", ""TE_50"": ""14.5"", ""CA_TOT"": ""-9.0"", ""FG_DUR"": ""-9.00"", ""HM_AVG"": ""-9.0"", ""HM_MIN"": ""50.0"", ""PA_AVG"": ""-9.0"", ""PS_AVG"": ""-9.0"", ""PS_MAX"": ""1011.7"", ""PS_MIN"": ""1008.7"", ""PV_AVG"": ""-9.0"", ""RN_D99"": ""-9.0"", ""RN_DAY"": ""-9.0"", ""RN_DUR"": ""-9.00"", ""SD_MAX"": ""-9.0"", ""SD_NEW"": ""-9.0"", ""SI_DAY"": ""-9.00"", ""SS_CMB"": ""-9.0"", ""SS_DAY"": ""-9.0"", ""SS_DUR"": ""14.6"", ""TA_AVG"": ""-99.0"", ""TA_MAX"": ""35.0"", ""TA_MIN"": ""25.2"", ""TD_AVG"": ""-99.0"", ""TG_MIN"": ""22.1"", ""TS_AVG"": ""-99.0"", ""WD_INS"": ""23"", ""WD_MAX"": ""20"", ""WR_DAY"": ""-9"", ""WS_AVG"": ""-9.0"", ""WS_INS"": ""8.0"", ""WS_MAX"": ""4.1"", ""HM_MIN_TM"": ""1422"", ""PS_MAX_TM"": ""639"", ""PS_MIN_TM"": ""1729"", ""SD_MAX_TM"": ""-9"", ""SD_NEW_TM"": ""-9"", ""TA_MAX_TM"": ""1602"", ""TA_MIN_TM"": ""517"", ""WS_INS_TM"": ""1113"", ""WS_MAX_TM"": ""1417"", ""RN_10M_MAX"": ""-9.0"", ""RN_60M_MAX"": ""-9.0"", ""RN_POW_MAX"": ""-9.0"", ""SI_60M_MAX"": ""-9.00"", ""RN_10M_MAX_TM"": ""-9"", ""RN_60M_MAX_TM"": ""-9"", ""RN_POW_MAX_TM"": ""-9"", ""SI_60M_MAX_TM"": ""-9""}","20260712,108,-9.0,-9,20,4.1,1417,23,8.0,1113,-99.0,35.0,1602,25.2,517,-99.0,-99.0,22.1,-9.0,50.0,1422,-9.0,-9.0,-9.0,-9.00,-9.0,-9.0,1011.7,639,1008.7,1729,-9.0,-9.0,14.6,-9.0,-9.00,-9.00,-9,-9.0,-9.0,-9.00,-9.0,-9,-9.0,-9,-9.0,-9,-9.0,-9,-9.0,-9,26.1,23.5,22.5,17.8,14.5,",https://apihub.kma.go.kr/api/typ01/url/kma_sfcdd.php?tm=&stn=108&authKey=L_aqRjZLRCq2qkY2S3QqkA
31,2026-07-13T20:14:22.736974+09:00,2026-07-13,108,KMA_ASOS_DAILY,,33.5,27.6,0.0,,"{""TM"": ""20260713"", ""STN"": ""108"", ""EV_L"": ""-9.0"", ""EV_S"": ""-9.0"", ""TE_05"": ""26.6"", ""TE_10"": ""23.7"", ""TE_15"": ""22.6"", ""TE_30"": ""17.9"", ""TE_50"": ""14.5"", ""CA_TOT"": ""-9.0"", ""FG_DUR"": ""-9.00"", ""HM_AVG"": ""-9.0"", ""HM_MIN"": ""56.0"", ""PA_AVG"": ""-9.0"", ""PS_AVG"": ""-9.0"", ""PS_MAX"": ""1010.3"", ""PS_MIN"": ""1006.1"", ""PV_AVG"": ""-9.0"", ""RN_D99"": ""-9.0"", ""RN_DAY"": ""0.0"", ""RN_DUR"": ""-9.00"", ""SD_MAX"": ""-9.0"", ""SD_NEW"": ""-9.0"", ""SI_DAY"": ""-9.00"", ""SS_CMB"": ""-9.0"", ""SS_DAY"": ""-9.0"", ""SS_DUR"": ""14.6"", ""TA_AVG"": ""-99.0"", ""TA_MAX"": ""33.5"", ""TA_MIN"": ""27.6"", ""TD_AVG"": ""-99.0"", ""TG_MIN"": ""23.8"", ""TS_AVG"": ""-99.0"", ""WD_INS"": ""16"", ""WD_MAX"": ""20"", ""WR_DAY"": ""-9"", ""WS_AVG"": ""-9.0"", ""WS_INS"": ""8.3"", ""WS_MAX"": ""4.2"", ""HM_MIN_TM"": ""1653"", ""PS_MAX_TM"": ""1"", ""PS_MIN_TM"": ""1749"", ""SD_MAX_TM"": ""-9"", ""SD_NEW_TM"": ""-9"", ""TA_MAX_TM"": ""1648"", ""TA_MIN_TM"": ""600"", ""WS_INS_TM"": ""314"", ""WS_MAX_TM"": ""303"", ""RN_10M_MAX"": ""-9.0"", ""RN_60M_MAX"": ""-9.0"", ""RN_POW_MAX"": ""-9.0"", ""SI_60M_MAX"": ""-9.00"", ""RN_10M_MAX_TM"": ""-9"", ""RN_60M_MAX_TM"": ""-9"", ""RN_POW_MAX_TM"": ""-9"", ""SI_60M_MAX_TM"": ""-9""}","20260713,108,-9.0,-9,20,4.2,303,16,8.3,314,-99.0,33.5,1648,27.6,600,-99.0,-99.0,23.8,-9.0,56.0,1653,-9.0,-9.0,-9.0,-9.00,-9.0,-9.0,1010.3,1,1006.1,1749,-9.0,-9.0,14.6,-9.0,-9.00,-9.00,-9,0.0,-9.0,-9.00,-9.0,-9,-9.0,-9,-9.0,-9,-9.0,-9,-9.0,-9,26.6,23.7,22.6,17.9,14.5,",https://apihub.kma.go.kr/api/typ01/url/kma_sfcdd.php?tm=&stn=108&authKey=L_aqRjZLRCq2qkY2S3QqkA
37,2026-07-14T20:15:00.582770+09:00,2026-07-14,108,KMA_ASOS_DAILY,,31.0,26.2,14.1,,"{""TM"": ""20260714"", ""STN"": ""108"", ""EV_L"": ""-9.0"", ""EV_S"": ""-9.0"", ""TE_05"": ""26.9"", ""TE_10"": ""23.9"", ""TE_15"": ""22.6"", ""TE_30"": ""17.9"", ""TE_50"": ""14.6"", ""CA_TOT"": ""-9.0"", ""FG_DUR"": ""-9.00"", ""HM_AVG"": ""-9.0"", ""HM_MIN"": ""63.0"", ""PA_AVG"": ""-9.0"", ""PS_AVG"": ""-9.0"", ""PS_MAX"": ""1007.8"", ""PS_MIN"": ""998.5"", ""PV_AVG"": ""-9.0"", ""RN_D99"": ""-9.0"", ""RN_DAY"": ""14.1"", ""RN_DUR"": ""-9.00"", ""SD_MAX"": ""-9.0"", ""SD_NEW"": ""-9.0"", ""SI_DAY"": ""-9.00"", ""SS_CMB"": ""-9.0"", ""SS_DAY"": ""-9.0"", ""SS_DUR"": ""14.5"", ""TA_AVG"": ""-99.0"", ""TA_MAX"": ""31.0"", ""TA_MIN"": ""26.2"", ""TD_AVG"": ""-99.0"", ""TG_MIN"": ""24.7"", ""TS_AVG"": ""-99.0"", ""WD_INS"": ""20"", ""WD_MAX"": ""18"", ""WR_DAY"": ""-9"", ""WS_AVG"": ""-9.0"", ""WS_INS"": ""10.1"", ""WS_MAX"": ""5.3"", ""HM_MIN_TM"": ""1214"", ""PS_MAX_TM"": ""10"", ""PS_MIN_TM"": ""2009"", ""SD_MAX_TM"": ""-9"", ""SD_NEW_TM"": ""-9"", ""TA_MAX_TM"": ""1212"", ""TA_MIN_TM"": ""1922"", ""WS_INS_TM"": ""303"", ""WS_MAX_TM"": ""1120"", ""RN_10M_MAX"": ""5.7"", ""RN_60M_MAX"": ""11.6"", ""RN_POW_MAX"": ""-9.0"", ""SI_60M_MAX"": ""-9.00"", ""RN_10M_MAX_TM"": ""1812"", ""RN_60M_MAX_TM"": ""1757"", ""RN_POW_MAX_TM"": ""-9"", ""SI_60M_MAX_TM"": ""-9""}","20260714,108,-9.0,-9,18,5.3,1120,20,10.1,303,-99.0,31.0,1212,26.2,1922,-99.0,-99.0,24.7,-9.0,63.0,1214,-9.0,-9.0,-9.0,-9.00,-9.0,-9.0,1007.8,10,998.5,2009,-9.0,-9.0,14.5,-9.0,-9.00,-9.00,-9,14.1,-9.0,-9.00,11.6,1757,5.7,1812,-9.0,-9,-9.0,-9,-9.0,-9,26.9,23.9,22.6,17.9,14.6,",https://apihub.kma.go.kr/api/typ01/url/kma_sfcdd.php?tm=&stn=108&authKey=L_aqRjZLRCq2qkY2S3QqkA
43,2026-07-15T20:12:20.274778+09:00,2026-07-15,108,KMA_ASOS_DAILY,,26.3,23.4,17.6,,"{""TM"": ""20260715"", ""STN"": ""108"", ""EV_L"": ""-9.0"", ""EV_S"": ""-9.0"", ""TE_05"": ""27.0"", ""TE_10"": ""24.7"", ""TE_15"": ""23.6"", ""TE_30"": ""19.1"", ""TE_50"": ""14.6"", ""CA_TOT"": ""-9.0"", ""FG_DUR"": ""-9.00"", ""HM_AVG"": ""-9.0"", ""HM_MIN"": ""78.0"", ""PA_AVG"": ""-9.0"", ""PS_AVG"": ""-9.0"", ""PS_MAX"": ""1002.6"", ""PS_MIN"": ""997.4"", ""PV_AVG"": ""-9.0"", ""RN_D99"": ""-9.0"", ""RN_DAY"": ""17.6"", ""RN_DUR"": ""-9.00"", ""SD_MAX"": ""-9.0"", ""SD_NEW"": ""-9.0"", ""SI_DAY"": ""-9.00"", ""SS_CMB"": ""-9.0"", ""SS_DAY"": ""-9.0"", ""SS_DUR"": ""14.5"", ""TA_AVG"": ""-99.0"", ""TA_MAX"": ""26.3"", ""TA_MIN"": ""23.4"", ""TD_AVG"": ""-99.0"", ""TG_MIN"": ""22.8"", ""TS_AVG"": ""-99.0"", ""WD_INS"": ""23"", ""WD_MAX"": ""23"", ""WR_DAY"": ""-9"", ""WS_AVG"": ""-9.0"", ""WS_INS"": ""13.3"", ""WS_MAX"": ""7.2"", ""HM_MIN_TM"": ""1753"", ""PS_MAX_TM"": ""1957"", ""PS_MIN_TM"": ""1"", ""SD_MAX_TM"": ""-9"", ""SD_NEW_TM"": ""-9"", ""TA_MAX_TM"": ""1841"", ""TA_MIN_TM"": ""1050"", ""WS_INS_TM"": ""101"", ""WS_MAX_TM"": ""103"", ""RN_10M_MAX"": ""1.8"", ""RN_60M_MAX"": ""9.2"", ""RN_POW_MAX"": ""-9.0"", ""SI_60M_MAX"": ""-9.00"", ""RN_10M_MAX_TM"": ""11"", ""RN_60M_MAX_TM"": ""-9"", ""RN_POW_MAX_TM"": ""-9"", ""SI_60M_MAX_TM"": ""-9""}","20260715,108,-9.0,-9,23,7.2,103,23,13.3,101,-99.0,26.3,1841,23.4,1050,-99.0,-99.0,22.8,-9.0,78.0,1753,-9.0,-9.0,-9.0,-9.00,-9.0,-9.0,1002.6,1957,997.4,1,-9.0,-9.0,14.5,-9.0,-9.00,-9.00,-9,17.6,-9.0,-9.00,9.2,-9,1.8,11,-9.0,-9,-9.0,-9,-9.0,-9,27.0,24.7,23.6,19.1,14.6,",https://apihub.kma.go.kr/api/typ01/url/kma_sfcdd.php?tm=&stn=108&authKey=L_aqRjZLRCq2qkY2S3QqkA
49,2026-07-16T20:14:38.427431+09:00,2026-07-16,108,KMA_ASOS_DAILY,,30.3,22.9,,,"{""TM"": ""20260716"", ""STN"": ""108"", ""EV_L"": ""-9.0"", ""EV_S"": ""-9.0"", ""TE_05"": ""-99.0"", ""TE_10"": ""-99.0"", ""TE_15"": ""-99.0"", ""TE_30"": ""-99.0"", ""TE_50"": ""-99.0"", ""CA_TOT"": ""-9.0"", ""FG_DUR"": ""-9.00"", ""HM_AVG"": ""-9.0"", ""HM_MIN"": ""64.0"", ""PA_AVG"": ""-9.0"", ""PS_AVG"": ""-9.0"", ""PS_MAX"": ""1004.6"", ""PS_MIN"": ""1001.7"", ""PV_AVG"": ""-9.0"", ""RN_D99"": ""-9.0"", ""RN_DAY"": ""-9.0"", ""RN_DUR"": ""-9.00"", ""SD_MAX"": ""-9.0"", ""SD_NEW"": ""-9.0"", ""SI_DAY"": ""-9.00"", ""SS_CMB"": ""-9.0"", ""SS_DAY"": ""-9.0"", ""SS_DUR"": ""14.5"", ""TA_AVG"": ""-99.0"", ""TA_MAX"": ""30.3"", ""TA_MIN"": ""22.9"", ""TD_AVG"": ""-99.0"", ""TG_MIN"": ""19.3"", ""TS_AVG"": ""-99.0"", ""WD_INS"": ""25"", ""WD_MAX"": ""27"", ""WR_DAY"": ""-9"", ""WS_AVG"": ""-9.0"", ""WS_INS"": ""5.7"", ""WS_MAX"": ""3.7"", ""HM_MIN_TM"": ""1736"", ""PS_MAX_TM"": ""743"", ""PS_MIN_TM"": ""1739"", ""SD_MAX_TM"": ""-9"", ""SD_NEW_TM"": ""-9"", ""TA_MAX_TM"": ""1334"", ""TA_MIN_TM"": ""245"", ""WS_INS_TM"": ""1544"", ""WS_MAX_TM"": ""1455"", ""RN_10M_MAX"": ""-9.0"", ""RN_60M_MAX"": ""-9.0"", ""RN_POW_MAX"": ""-9.0"", ""SI_60M_MAX"": ""-9.00"", ""RN_10M_MAX_TM"": ""-9"", ""RN_60M_MAX_TM"": ""-9"", ""RN_POW_MAX_TM"": ""-9"", ""SI_60M_MAX_TM"": ""-9""}","20260716,108,-9.0,-9,27,3.7,1455,25,5.7,1544,-99.0,30.3,1334,22.9,245,-99.0,-99.0,19.3,-9.0,64.0,1736,-9.0,-9.0,-9.0,-9.00,-9.0,-9.0,1004.6,743,1001.7,1739,-9.0,-9.0,14.5,-9.0,-9.00,-9.00,-9,-9.0,-9.0,-9.00,-9.0,-9,-9.0,-9,-9.0,-9,-9.0,-9,-9.0,-9,-99.0,-99.0,-99.0,-99.0,-99.0,",https://apihub.kma.go.kr/api/typ01/url/kma_sfcdd.php?tm=&stn=108&authKey=L_aqRjZLRCq2qkY2S3QqkA
55,2026-07-17T20:14:53.591032+09:00,2026-07-17,108,KMA_ASOS_DAILY,,31.7,24.1,,,"{""TM"": ""20260717"", ""STN"": ""108"", ""EV_L"": ""-9.0"", ""EV_S"": ""-9.0"", ""TE_05"": ""-99.0"", ""TE_10"": ""-99.0"", ""TE_15"": ""-99.0"", ""TE_30"": ""-99.0"", ""TE_50"": ""-99.0"", ""CA_TOT"": ""-9.0"", ""FG_DUR"": ""-9.00"", ""HM_AVG"": ""-9.0"", ""HM_MIN"": ""53.0"", ""PA_AVG"": ""-9.0"", ""PS_AVG"": ""-9.0"", ""PS_MAX"": ""1003.5"", ""PS_MIN"": ""1000.0"", ""PV_AVG"": ""-9.0"", ""RN_D99"": ""-9.0"", ""RN_DAY"": ""-9.0"", ""RN_DUR"": ""-9.00"", ""SD_MAX"": ""-9.0"", ""SD_NEW"": ""-9.0"", ""SI_DAY"": ""-9.00"", ""SS_CMB"": ""-9.0"", ""SS_DAY"": ""-9.0"", ""SS_DUR"": ""14.5"", ""TA_AVG"": ""-99.0"", ""TA_MAX"": ""31.7"", ""TA_MIN"": ""24.1"", ""TD_AVG"": ""-99.0"", ""TG_MIN"": ""20.8"", ""TS_AVG"": ""-99.0"", ""WD_INS"": ""5"", ""WD_MAX"": ""16"", ""WR_DAY"": ""-9"", ""WS_AVG"": ""-9.0"", ""WS_INS"": ""6.5"", ""WS_MAX"": ""3.4"", ""HM_MIN_TM"": ""1500"", ""PS_MAX_TM"": ""1"", ""PS_MIN_TM"": ""1643"", ""SD_MAX_TM"": ""-9"", ""SD_NEW_TM"": ""-9"", ""TA_MAX_TM"": ""1423"", ""TA_MIN_TM"": ""331"", ""WS_INS_TM"": ""1353"", ""WS_MAX_TM"": ""1525"", ""RN_10M_MAX"": ""-9.0"", ""RN_60M_MAX"": ""-9.0"", ""RN_POW_MAX"": ""-9.0"", ""SI_60M_MAX"": ""-9.00"", ""RN_10M_MAX_TM"": ""-9"", ""RN_60M_MAX_TM"": ""-9"", ""RN_POW_MAX_TM"": ""-9"", ""SI_60M_MAX_TM"": ""-9""}","20260717,108,-9.0,-9,16,3.4,1525,5,6.5,1353,-99.0,31.7,1423,24.1,331,-99.0,-99.0,20.8,-9.0,53.0,1500,-9.0,-9.0,-9.0,-9.00,-9.0,-9.0,1003.5,1,1000.0,1643,-9.0,-9.0,14.5,-9.0,-9.00,-9.00,-9,-9.0,-9.0,-9.00,-9.0,-9,-9.0,-9,-9.0,-9,-9.0,-9,-9.0,-9,-99.0,-99.0,-99.0,-99.0,-99.0,",https://apihub.kma.go.kr/api/typ01/url/kma_sfcdd.php?tm=&stn=108&authKey=L_aqRjZLRCq2qkY2S3QqkA
61,2026-07-18T20:14:20.453965+09:00,2026-07-18,108,KMA_ASOS_DAILY,,28.1,19.8,119.7,,"{""TM"": ""20260718"", ""STN"": ""108"", ""EV_L"": ""-9.0"", ""EV_S"": ""-9.0"", ""TE_05"": ""26.8"", ""TE_10"": ""25.5"", ""TE_15"": ""24.5"", ""TE_30"": ""20.0"", ""TE_50"": ""14.8"", ""CA_TOT"": ""-9.0"", ""FG_DUR"": ""-9.00"", ""HM_AVG"": ""-9.0"", ""HM_MIN"": ""71.0"", ""PA_AVG"": ""-9.0"", ""PS_AVG"": ""-9.0"", ""PS_MAX"": ""1000.7"", ""PS_MIN"": ""996.0"", ""PV_AVG"": ""-9.0"", ""RN_D99"": ""-9.0"", ""RN_DAY"": ""119.7"", ""RN_DUR"": ""-9.00"", ""SD_MAX"": ""-9.0"", ""SD_NEW"": ""-9.0"", ""SI_DAY"": ""-9.00"", ""SS_CMB"": ""-9.0"", ""SS_DAY"": ""-9.0"", ""SS_DUR"": ""14.5"", ""TA_AVG"": ""-99.0"", ""TA_MAX"": ""28.1"", ""TA_MIN"": ""19.8"", ""TD_AVG"": ""-99.0"", ""TG_MIN"": ""18.9"", ""TS_AVG"": ""-99.0"", ""WD_INS"": ""5"", ""WD_MAX"": ""5"", ""WR_DAY"": ""-9"", ""WS_AVG"": ""-9.0"", ""WS_INS"": ""13.4"", ""WS_MAX"": ""5.7"", ""HM_MIN_TM"": ""1544"", ""PS_MAX_TM"": ""2006"", ""PS_MIN_TM"": ""434"", ""SD_MAX_TM"": ""-9"", ""SD_NEW_TM"": ""-9"", ""TA_MAX_TM"": ""1531"", ""TA_MIN_TM"": ""654"", ""WS_INS_TM"": ""434"", ""WS_MAX_TM"": ""600"", ""RN_10M_MAX"": ""12.7"", ""RN_60M_MAX"": ""53.2"", ""RN_POW_MAX"": ""-9.0"", ""SI_60M_MAX"": ""-9.00"", ""RN_10M_MAX_TM"": ""355"", ""RN_60M_MAX_TM"": ""335"", ""RN_POW_MAX_TM"": ""-9"", ""SI_60M_MAX_TM"": ""-9""}","20260718,108,-9.0,-9,5,5.7,600,5,13.4,434,-99.0,28.1,1531,19.8,654,-99.0,-99.0,18.9,-9.0,71.0,1544,-9.0,-9.0,-9.0,-9.00,-9.0,-9.0,1000.7,2006,996.0,434,-9.0,-9.0,14.5,-9.0,-9.00,-9.00,-9,119.7,-9.0,-9.00,53.2,335,12.7,355,-9.0,-9,-9.0,-9,-9.0,-9,26.8,25.5,24.5,20.0,14.8,",https://apihub.kma.go.kr/api/typ01/url/kma_sfcdd.php?tm=&stn=108&authKey=L_aqRjZLRCq2qkY2S3QqkA
67,2026-07-19T20:14:09.117175+09:00,2026-07-19,108,KMA_ASOS_DAILY,,29.2,23.2,0.1,,"{""TM"": ""20260719"", ""STN"": ""108"", ""EV_L"": ""-9.0"", ""EV_S"": ""-9.0"", ""TE_05"": ""26.0"", ""TE_10"": ""25.2"", ""TE_15"": ""24.9"", ""TE_30"": ""21.7"", ""TE_50"": ""15.1"", ""CA_TOT"": ""-9.0"", ""FG_DUR"": ""-9.00"", ""HM_AVG"": ""-9.0"", ""HM_MIN"": ""59.0"", ""PA_AVG"": ""-9.0"", ""PS_AVG"": ""-9.0"", ""PS_MAX"": ""1004.7"", ""PS_MIN"": ""1001.5"", ""PV_AVG"": ""-9.0"", ""RN_D99"": ""-9.0"", ""RN_DAY"": ""0.1"", ""RN_DUR"": ""-9.00"", ""SD_MAX"": ""-9.0"", ""SD_NEW"": ""-9.0"", ""SI_DAY"": ""-9.00"", ""SS_CMB"": ""-9.0"", ""SS_DAY"": ""-9.0"", ""SS_DUR"": ""14.4"", ""TA_AVG"": ""-99.0"", ""TA_MAX"": ""29.2"", ""TA_MIN"": ""23.2"", ""TD_AVG"": ""-99.0"", ""TG_MIN"": ""22.4"", ""TS_AVG"": ""-99.0"", ""WD_INS"": ""25"", ""WD_MAX"": ""20"", ""WR_DAY"": ""-9"", ""WS_AVG"": ""-9.0"", ""WS_INS"": ""6.0"", ""WS_MAX"": ""3.5"", ""HM_MIN_TM"": ""1524"", ""PS_MAX_TM"": ""1859"", ""PS_MIN_TM"": ""2"", ""SD_MAX_TM"": ""-9"", ""SD_NEW_TM"": ""-9"", ""TA_MAX_TM"": ""1521"", ""TA_MIN_TM"": ""542"", ""WS_INS_TM"": ""1256"", ""WS_MAX_TM"": ""1327"", ""RN_10M_MAX"": ""0.1"", ""RN_60M_MAX"": ""0.1"", ""RN_POW_MAX"": ""-9.0"", ""SI_60M_MAX"": ""-9.00"", ""RN_10M_MAX_TM"": ""320"", ""RN_60M_MAX_TM"": ""230"", ""RN_POW_MAX_TM"": ""-9"", ""SI_60M_MAX_TM"": ""-9""}","20260719,108,-9.0,-9,20,3.5,1327,25,6.0,1256,-99.0,29.2,1521,23.2,542,-99.0,-99.0,22.4,-9.0,59.0,1524,-9.0,-9.0,-9.0,-9.00,-9.0,-9.0,1004.7,1859,1001.5,2,-9.0,-9.0,14.4,-9.0,-9.00,-9.00,-9,0.1,-9.0,-9.00,0.1,230,0.1,320,-9.0,-9,-9.0,-9,-9.0,-9,26.0,25.2,24.9,21.7,15.1,",https://apihub.kma.go.kr/api/typ01/url/kma_sfcdd.php?tm=&stn=108&authKey=L_aqRjZLRCq2qkY2S3QqkA
73,2026-07-20T20:14:08.355382+09:00,2026-07-20,108,KMA_ASOS_DAILY,,25.0,23.1,20.0,,"{""TM"": ""20260720"", ""STN"": ""108"", ""EV_L"": ""-9.0"", ""EV_S"": ""-9.0"", ""TE_05"": ""26.4"", ""TE_10"": ""25.0"", ""TE_15"": ""24.6"", ""TE_30"": ""20.7"", ""TE_50"": ""15.3"", ""CA_TOT"": ""-9.0"", ""FG_DUR"": ""-9.00"", ""HM_AVG"": ""-9.0"", ""HM_MIN"": ""80.0"", ""PA_AVG"": ""-9.0"", ""PS_AVG"": ""-9.0"", ""PS_MAX"": ""1008.5"", ""PS_MIN"": ""1005.2"", ""PV_AVG"": ""-9.0"", ""RN_D99"": ""-9.0"", ""RN_DAY"": ""20.0"", ""RN_DUR"": ""-9.00"", ""SD_MAX"": ""-9.0"", ""SD_NEW"": ""-9.0"", ""SI_DAY"": ""-9.00"", ""SS_CMB"": ""-9.0"", ""SS_DAY"": ""-9.0"", ""SS_DUR"": ""14.4"", ""TA_AVG"": ""-99.0"", ""TA_MAX"": ""25.0"", ""TA_MIN"": ""23.1"", ""TD_AVG"": ""-99.0"", ""TG_MIN"": ""22.2"", ""TS_AVG"": ""-99.0"", ""WD_INS"": ""5"", ""WD_MAX"": ""5"", ""WR_DAY"": ""-9"", ""WS_AVG"": ""-9.0"", ""WS_INS"": ""6.0"", ""WS_MAX"": ""3.2"", ""HM_MIN_TM"": ""10"", ""PS_MAX_TM"": ""1157"", ""PS_MIN_TM"": ""209"", ""SD_MAX_TM"": ""-9"", ""SD_NEW_TM"": ""-9"", ""TA_MAX_TM"": ""1"", ""TA_MIN_TM"": ""1212"", ""WS_INS_TM"": ""1752"", ""WS_MAX_TM"": ""1800"", ""RN_10M_MAX"": ""3.8"", ""RN_60M_MAX"": ""8.9"", ""RN_POW_MAX"": ""-9.0"", ""SI_60M_MAX"": ""-9.00"", ""RN_10M_MAX_TM"": ""1201"", ""RN_60M_MAX_TM"": ""1149"", ""RN_POW_MAX_TM"": ""-9"", ""SI_60M_MAX_TM"": ""-9""}","20260720,108,-9.0,-9,5,3.2,1800,5,6.0,1752,-99.0,25.0,1,23.1,1212,-99.0,-99.0,22.2,-9.0,80.0,10,-9.0,-9.0,-9.0,-9.00,-9.0,-9.0,1008.5,1157,1005.2,209,-9.0,-9.0,14.4,-9.0,-9.00,-9.00,-9,20.0,-9.0,-9.00,8.9,1149,3.8,1201,-9.0,-9,-9.0,-9,-9.0,-9,26.4,25.0,24.6,20.7,15.3,",https://apihub.kma.go.kr/api/typ01/url/kma_sfcdd.php?tm=&stn=108&authKey=L_aqRjZLRCq2qkY2S3QqkA
79,2026-07-21T20:15:05.523389+09:00,2026-07-21,108,KMA_ASOS_DAILY,,25.9,24.3,39.1,,"{""TM"": ""20260721"", ""STN"": ""108"", ""EV_L"": ""-9.0"", ""EV_S"": ""-9.0"", ""TE_05"": ""26.3"", ""TE_10"": ""25.0"", ""TE_15"": ""24.6"", ""TE_30"": ""20.3"", ""TE_50"": ""15.4"", ""CA_TOT"": ""-9.0"", ""FG_DUR"": ""-9.00"", ""HM_AVG"": ""-9.0"", ""HM_MIN"": ""87.0"", ""PA_AVG"": ""-9.0"", ""PS_AVG"": ""-9.0"", ""PS_MAX"": ""1006.6"", ""PS_MIN"": ""1004.8"", ""PV_AVG"": ""-9.0"", ""RN_D99"": ""-9.0"", ""RN_DAY"": ""39.1"", ""RN_DUR"": ""-9.00"", ""SD_MAX"": ""-9.0"", ""SD_NEW"": ""-9.0"", ""SI_DAY"": ""-9.00"", ""SS_CMB"": ""-9.0"", ""SS_DAY"": ""-9.0"", ""SS_DUR"": ""14.4"", ""TA_AVG"": ""-99.0"", ""TA_MAX"": ""25.9"", ""TA_MIN"": ""24.3"", ""TD_AVG"": ""-99.0"", ""TG_MIN"": ""23.6"", ""TS_AVG"": ""-99.0"", ""WD_INS"": ""18"", ""WD_MAX"": ""20"", ""WR_DAY"": ""-9"", ""WS_AVG"": ""-9.0"", ""WS_INS"": ""12.3"", ""WS_MAX"": ""6.8"", ""HM_MIN_TM"": ""923"", ""PS_MAX_TM"": ""1930"", ""PS_MIN_TM"": ""922"", ""SD_MAX_TM"": ""-9"", ""SD_NEW_TM"": ""-9"", ""TA_MAX_TM"": ""923"", ""TA_MIN_TM"": ""1238"", ""WS_INS_TM"": ""1137"", ""WS_MAX_TM"": ""1145"", ""RN_10M_MAX"": ""10.0"", ""RN_60M_MAX"": ""18.8"", ""RN_POW_MAX"": ""-9.0"", ""SI_60M_MAX"": ""-9.00"", ""RN_10M_MAX_TM"": ""307"", ""RN_60M_MAX_TM"": ""305"", ""RN_POW_MAX_TM"": ""-9"", ""SI_60M_MAX_TM"": ""-9""}","20260721,108,-9.0,-9,20,6.8,1145,18,12.3,1137,-99.0,25.9,923,24.3,1238,-99.0,-99.0,23.6,-9.0,87.0,923,-9.0,-9.0,-9.0,-9.00,-9.0,-9.0,1006.6,1930,1004.8,922,-9.0,-9.0,14.4,-9.0,-9.00,-9.00,-9,39.1,-9.0,-9.00,18.8,305,10.0,307,-9.0,-9,-9.0,-9,-9.0,-9,26.3,25.0,24.6,20.3,15.4,",https://apihub.kma.go.kr/api/typ01/url/kma_sfcdd.php?tm=&stn=108&authKey=L_aqRjZLRCq2qkY2S3QqkA
85,2026-07-22T20:13:40.434551+09:00,2026-07-22,108,KMA_ASOS_DAILY,,27.7,23.7,9.5,,"{""TM"": ""20260722"", ""STN"": ""108"", ""EV_L"": ""-9.0"", ""EV_S"": ""-9.0"", ""TE_05"": ""26.1"", ""TE_10"": ""25.0"", ""TE_15"": ""24.9"", ""TE_30"": ""21.4"", ""TE_50"": ""15.4"", ""CA_TOT"": ""-9.0"", ""FG_DUR"": ""-9.00"", ""HM_AVG"": ""-9.0"", ""HM_MIN"": ""84.0"", ""PA_AVG"": ""-9.0"", ""PS_AVG"": ""-9.0"", ""PS_MAX"": ""1008.9"", ""PS_MIN"": ""1006.6"", ""PV_AVG"": ""-9.0"", ""RN_D99"": ""-9.0"", ""RN_DAY"": ""9.5"", ""RN_DUR"": ""-9.00"", ""SD_MAX"": ""-9.0"", ""SD_NEW"": ""-9.0"", ""SI_DAY"": ""-9.00"", ""SS_CMB"": ""-9.0"", ""SS_DAY"": ""-9.0"", ""SS_DUR"": ""14.4"", ""TA_AVG"": ""-99.0"", ""TA_MAX"": ""27.7"", ""TA_MIN"": ""23.7"", ""TD_AVG"": ""-99.0"", ""TG_MIN"": ""22.1"", ""TS_AVG"": ""-99.0"", ""WD_INS"": ""18"", ""WD_MAX"": ""20"", ""WR_DAY"": ""-9"", ""WS_AVG"": ""-9.0"", ""WS_INS"": ""5.7"", ""WS_MAX"": ""3.2"", ""HM_MIN_TM"": ""1702"", ""PS_MAX_TM"": ""654"", ""PS_MIN_TM"": ""1659"", ""SD_MAX_TM"": ""-9"", ""SD_NEW_TM"": ""-9"", ""TA_MAX_TM"": ""1654"", ""TA_MIN_TM"": ""538"", ""WS_INS_TM"": ""1711"", ""WS_MAX_TM"": ""1715"", ""RN_10M_MAX"": ""3.3"", ""RN_60M_MAX"": ""5.9"", ""RN_POW_MAX"": ""-9.0"", ""SI_60M_MAX"": ""-9.00"", ""RN_10M_MAX_TM"": ""1107"", ""RN_60M_MAX_TM"": ""1049"", ""RN_POW_MAX_TM"": ""-9"", ""SI_60M_MAX_TM"": ""-9""}","20260722,108,-9.0,-9,20,3.2,1715,18,5.7,1711,-99.0,27.7,1654,23.7,538,-99.0,-99.0,22.1,-9.0,84.0,1702,-9.0,-9.0,-9.0,-9.00,-9.0,-9.0,1008.9,654,1006.6,1659,-9.0,-9.0,14.4,-9.0,-9.00,-9.00,-9,9.5,-9.0,-9.00,5.9,1049,3.3,1107,-9.0,-9,-9.0,-9,-9.0,-9,26.1,25.0,24.9,21.4,15.4,",https://apihub.kma.go.kr/api/typ01/url/kma_sfcdd.php?tm=&stn=108&authKey=L_aqRjZLRCq2qkY2S3QqkA
91,2026-07-23T20:12:43.602186+09:00,2026-07-23,108,KMA_ASOS_DAILY,,29.3,25.7,6.0,,"{""TM"": ""20260723"", ""STN"": ""108"", ""EV_L"": ""-9.0"", ""EV_S"": ""-9.0"", ""TE_05"": ""26.3"", ""TE_10"": ""25.0"", ""TE_15"": ""24.7"", ""TE_30"": ""20.9"", ""TE_50"": ""15.4"", ""CA_TOT"": ""-9.0"", ""FG_DUR"": ""-9.00"", ""HM_AVG"": ""-9.0"", ""HM_MIN"": ""75.0"", ""PA_AVG"": ""-9.0"", ""PS_AVG"": ""-9.0"", ""PS_MAX"": ""1007.9"", ""PS_MIN"": ""1006.2"", ""PV_AVG"": ""-9.0"", ""RN_D99"": ""-9.0"", ""RN_DAY"": ""6.0"", ""RN_DUR"": ""-9.00"", ""SD_MAX"": ""-9.0"", ""SD_NEW"": ""-9.0"", ""SI_DAY"": ""-9.00"", ""SS_CMB"": ""-9.0"", ""SS_DAY"": ""-9.0"", ""SS_DUR"": ""14.3"", ""TA_AVG"": ""-99.0"", ""TA_MAX"": ""29.3"", ""TA_MIN"": ""25.7"", ""TD_AVG"": ""-99.0"", ""TG_MIN"": ""24.2"", ""TS_AVG"": ""-99.0"", ""WD_INS"": ""20"", ""WD_MAX"": ""20"", ""WR_DAY"": ""-9"", ""WS_AVG"": ""-9.0"", ""WS_INS"": ""10.2"", ""WS_MAX"": ""6.3"", ""HM_MIN_TM"": ""1319"", ""PS_MAX_TM"": ""3"", ""PS_MIN_TM"": ""441"", ""SD_MAX_TM"": ""-9"", ""SD_NEW_TM"": ""-9"", ""TA_MAX_TM"": ""1306"", ""TA_MIN_TM"": ""414"", ""WS_INS_TM"": ""1353"", ""WS_MAX_TM"": ""1353"", ""RN_10M_MAX"": ""3.6"", ""RN_60M_MAX"": ""3.7"", ""RN_POW_MAX"": ""-9.0"", ""SI_60M_MAX"": ""-9.00"", ""RN_10M_MAX_TM"": ""1344"", ""RN_60M_MAX_TM"": ""1258"", ""RN_POW_MAX_TM"": ""-9"", ""SI_60M_MAX_TM"": ""-9""}","20260723,108,-9.0,-9,20,6.3,1353,20,10.2,1353,-99.0,29.3,1306,25.7,414,-99.0,-99.0,24.2,-9.0,75.0,1319,-9.0,-9.0,-9.0,-9.00,-9.0,-9.0,1007.9,3,1006.2,441,-9.0,-9.0,14.3,-9.0,-9.00,-9.00,-9,6.0,-9.0,-9.00,3.7,1258,3.6,1344,-9.0,-9,-9.0,-9,-9.0,-9,26.3,25.0,24.7,20.9,15.4,",https://apihub.kma.go.kr/api/typ01/url/kma_sfcdd.php?tm=&stn=108&authKey=L_aqRjZLRCq2qkY2S3QqkA
97,2026-07-24T20:13:16.916117+09:00,2026-07-24,108,KMA_ASOS_DAILY,,32.1,26.2,,,"{""TM"": ""20260724"", ""STN"": ""108"", ""EV_L"": ""-9.0"", ""EV_S"": ""-9.0"", ""TE_05"": ""-99.0"", ""TE_10"": ""-99.0"", ""TE_15"": ""-99.0"", ""TE_30"": ""-99.0"", ""TE_50"": ""-99.0"", ""CA_TOT"": ""-9.0"", ""FG_DUR"": ""-9.00"", ""HM_AVG"": ""-9.0"", ""HM_MIN"": ""58.0"", ""PA_AVG"": ""-9.0"", ""PS_AVG"": ""-9.0"", ""PS_MAX"": ""1011.3"", ""PS_MIN"": ""1009.1"", ""PV_AVG"": ""-9.0"", ""RN_D99"": ""-9.0"", ""RN_DAY"": ""-9.0"", ""RN_DUR"": ""-9.00"", ""SD_MAX"": ""-9.0"", ""SD_NEW"": ""-9.0"", ""SI_DAY"": ""-9.00"", ""SS_CMB"": ""-9.0"", ""SS_DAY"": ""-9.0"", ""SS_DUR"": ""14.3"", ""TA_AVG"": ""-99.0"", ""TA_MAX"": ""32.1"", ""TA_MIN"": ""26.2"", ""TD_AVG"": ""-99.0"", ""TG_MIN"": ""24.8"", ""TS_AVG"": ""-99.0"", ""WD_INS"": ""23"", ""WD_MAX"": ""23"", ""WR_DAY"": ""-9"", ""WS_AVG"": ""-9.0"", ""WS_INS"": ""9.3"", ""WS_MAX"": ""5.0"", ""HM_MIN_TM"": ""1424"", ""PS_MAX_TM"": ""1224"", ""PS_MIN_TM"": ""158"", ""SD_MAX_TM"": ""-9"", ""SD_NEW_TM"": ""-9"", ""TA_MAX_TM"": ""1457"", ""TA_MIN_TM"": ""438"", ""WS_INS_TM"": ""1340"", ""WS_MAX_TM"": ""1320"", ""RN_10M_MAX"": ""-9.0"", ""RN_60M_MAX"": ""-9.0"", ""RN_POW_MAX"": ""-9.0"", ""SI_60M_MAX"": ""-9.00"", ""RN_10M_MAX_TM"": ""-9"", ""RN_60M_MAX_TM"": ""-9"", ""RN_POW_MAX_TM"": ""-9"", ""SI_60M_MAX_TM"": ""-9""}","20260724,108,-9.0,-9,23,5.0,1320,23,9.3,1340,-99.0,32.1,1457,26.2,438,-99.0,-99.0,24.8,-9.0,58.0,1424,-9.0,-9.0,-9.0,-9.00,-9.0,-9.0,1011.3,1224,1009.1,158,-9.0,-9.0,14.3,-9.0,-9.00,-9.00,-9,-9.0,-9.0,-9.00,-9.0,-9,-9.0,-9,-9.0,-9,-9.0,-9,-9.0,-9,-99.0,-99.0,-99.0,-99.0,-99.0,",https://apihub.kma.go.kr/api/typ01/url/kma_sfcdd.php?tm=&stn=108&authKey=L_aqRjZLRCq2qkY2S3QqkA
103,2026-07-25T20:12:30.848830+09:00,2026-07-25,108,KMA_ASOS_DAILY,,31.5,26.6,0.0,,"{""TM"": ""20260725"", ""STN"": ""108"", ""EV_L"": ""-9.0"", ""EV_S"": ""-9.0"", ""TE_05"": ""-99.0"", ""TE_10"": ""-99.0"", ""TE_15"": ""-99.0"", ""TE_30"": ""-99.0"", ""TE_50"": ""-99.0"", ""CA_TOT"": ""-9.0"", ""FG_DUR"": ""-9.00"", ""HM_AVG"": ""-9.0"", ""HM_MIN"": ""63.0"", ""PA_AVG"": ""-9.0"", ""PS_AVG"": ""-9.0"", ""PS_MAX"": ""1011.9"", ""PS_MIN"": ""1009.7"", ""PV_AVG"": ""-9.0"", ""RN_D99"": ""-9.0"", ""RN_DAY"": ""0.0"", ""RN_DUR"": ""-9.00"", ""SD_MAX"": ""-9.0"", ""SD_NEW"": ""-9.0"", ""SI_DAY"": ""-9.00"", ""SS_CMB"": ""-9.0"", ""SS_DAY"": ""-9.0"", ""SS_DUR"": ""14.3"", ""TA_AVG"": ""-99.0"", ""TA_MAX"": ""31.5"", ""TA_MIN"": ""26.6"", ""TD_AVG"": ""-99.0"", ""TG_MIN"": ""24.8"", ""TS_AVG"": ""-99.0"", ""WD_INS"": ""18"", ""WD_MAX"": ""20"", ""WR_DAY"": ""-9"", ""WS_AVG"": ""-9.0"", ""WS_INS"": ""10.5"", ""WS_MAX"": ""5.4"", ""HM_MIN_TM"": ""1239"", ""PS_MAX_TM"": ""831"", ""PS_MIN_TM"": ""1846"", ""SD_MAX_TM"": ""-9"", ""SD_NEW_TM"": ""-9"", ""TA_MAX_TM"": ""1229"", ""TA_MIN_TM"": ""553"", ""WS_INS_TM"": ""1337"", ""WS_MAX_TM"": ""1320"", ""RN_10M_MAX"": ""-9.0"", ""RN_60M_MAX"": ""-9.0"", ""RN_POW_MAX"": ""-9.0"", ""SI_60M_MAX"": ""-9.00"", ""RN_10M_MAX_TM"": ""-9"", ""RN_60M_MAX_TM"": ""-9"", ""RN_POW_MAX_TM"": ""-9"", ""SI_60M_MAX_TM"": ""-9""}","20260725,108,-9.0,-9,20,5.4,1320,18,10.5,1337,-99.0,31.5,1229,26.6,553,-99.0,-99.0,24.8,-9.0,63.0,1239,-9.0,-9.0,-9.0,-9.00,-9.0,-9.0,1011.9,831,1009.7,1846,-9.0,-9.0,14.3,-9.0,-9.00,-9.00,-9,0.0,-9.0,-9.00,-9.0,-9,-9.0,-9,-9.0,-9,-9.0,-9,-9.0,-9,-99.0,-99.0,-99.0,-99.0,-99.0,",https://apihub.kma.go.kr/api/typ01/url/kma_sfcdd.php?tm=&stn=108&authKey=L_aqRjZLRCq2qkY2S3QqkA
109,2026-07-26T20:12:57.515859+09:00,2026-07-26,108,KMA_ASOS_DAILY,,32.6,26.8,0.0,,"{""TM"": ""20260726"", ""STN"": ""108"", ""EV_L"": ""-9.0"", ""EV_S"": ""-9.0"", ""TE_05"": ""27.4"", ""TE_10"": ""25.1"", ""TE_15"": ""24.5"", ""TE_30"": ""20.4"", ""TE_50"": ""15.5"", ""CA_TOT"": ""-9.0"", ""FG_DUR"": ""-9.00"", ""HM_AVG"": ""-9.0"", ""HM_MIN"": ""60.0"", ""PA_AVG"": ""-9.0"", ""PS_AVG"": ""-9.0"", ""PS_MAX"": ""1011.1"", ""PS_MIN"": ""1008.8"", ""PV_AVG"": ""-9.0"", ""RN_D99"": ""-9.0"", ""RN_DAY"": ""0.0"", ""RN_DUR"": ""-9.00"", ""SD_MAX"": ""-9.0"", ""SD_NEW"": ""-9.0"", ""SI_DAY"": ""-9.00"", ""SS_CMB"": ""-9.0"", ""SS_DAY"": ""-9.0"", ""SS_DUR"": ""14.3"", ""TA_AVG"": ""-99.0"", ""TA_MAX"": ""32.6"", ""TA_MIN"": ""26.8"", ""TD_AVG"": ""-99.0"", ""TG_MIN"": ""25.1"", ""TS_AVG"": ""-99.0"", ""WD_INS"": ""27"", ""WD_MAX"": ""27"", ""WR_DAY"": ""-9"", ""WS_AVG"": ""-9.0"", ""WS_INS"": ""8.4"", ""WS_MAX"": ""4.7"", ""HM_MIN_TM"": ""1541"", ""PS_MAX_TM"": ""635"", ""PS_MIN_TM"": ""1424"", ""SD_MAX_TM"": ""-9"", ""SD_NEW_TM"": ""-9"", ""TA_MAX_TM"": ""1454"", ""TA_MIN_TM"": ""705"", ""WS_INS_TM"": ""1600"", ""WS_MAX_TM"": ""1602"", ""RN_10M_MAX"": ""-9.0"", ""RN_60M_MAX"": ""-9.0"", ""RN_POW_MAX"": ""-9.0"", ""SI_60M_MAX"": ""-9.00"", ""RN_10M_MAX_TM"": ""-9"", ""RN_60M_MAX_TM"": ""-9"", ""RN_POW_MAX_TM"": ""-9"", ""SI_60M_MAX_TM"": ""-9""}","20260726,108,-9.0,-9,27,4.7,1602,27,8.4,1600,-99.0,32.6,1454,26.8,705,-99.0,-99.0,25.1,-9.0,60.0,1541,-9.0,-9.0,-9.0,-9.00,-9.0,-9.0,1011.1,635,1008.8,1424,-9.0,-9.0,14.3,-9.0,-9.00,-9.00,-9,0.0,-9.0,-9.00,-9.0,-9,-9.0,-9,-9.0,-9,-9.0,-9,-9.0,-9,27.4,25.1,24.5,20.4,15.5,",https://apihub.kma.go.kr/api/typ01/url/kma_sfcdd.php?tm=&stn=108&authKey=L_aqRjZLRCq2qkY2S3QqkA
115,2026-07-27T20:12:43.194858+09:00,2026-07-27,108,KMA_ASOS_DAILY,,31.6,27.2,0.0,,"{""TM"": ""20260727"", ""STN"": ""108"", ""EV_L"": ""-9.0"", ""EV_S"": ""-9.0"", ""TE_05"": ""27.7"", ""TE_10"": ""25.2"", ""TE_15"": ""24.5"", ""TE_30"": ""20.2"", ""TE_50"": ""15.5"", ""CA_TOT"": ""-9.0"", ""FG_DUR"": ""-9.00"", ""HM_AVG"": ""-9.0"", ""HM_MIN"": ""62.0"", ""PA_AVG"": ""-9.0"", ""PS_AVG"": ""-9.0"", ""PS_MAX"": ""1012.4"", ""PS_MIN"": ""1011.0"", ""PV_AVG"": ""-9.0"", ""RN_D99"": ""-9.0"", ""RN_DAY"": ""0.0"", ""RN_DUR"": ""-9.00"", ""SD_MAX"": ""-9.0"", ""SD_NEW"": ""-9.0"", ""SI_DAY"": ""-9.00"", ""SS_CMB"": ""-9.0"", ""SS_DAY"": ""-9.0"", ""SS_DUR"": ""14.2"", ""TA_AVG"": ""-99.0"", ""TA_MAX"": ""31.6"", ""TA_MIN"": ""27.2"", ""TD_AVG"": ""-99.0"", ""TG_MIN"": ""25.8"", ""TS_AVG"": ""-99.0"", ""WD_INS"": ""27"", ""WD_MAX"": ""25"", ""WR_DAY"": ""-9"", ""WS_AVG"": ""-9.0"", ""WS_INS"": ""9.6"", ""WS_MAX"": ""4.7"", ""HM_MIN_TM"": ""1342"", ""PS_MAX_TM"": ""1010"", ""PS_MIN_TM"": ""455"", ""SD_MAX_TM"": ""-9"", ""SD_NEW_TM"": ""-9"", ""TA_MAX_TM"": ""1329"", ""TA_MIN_TM"": ""631"", ""WS_INS_TM"": ""1627"", ""WS_MAX_TM"": ""1632"", ""RN_10M_MAX"": ""-9.0"", ""RN_60M_MAX"": ""-9.0"", ""RN_POW_MAX"": ""-9.0"", ""SI_60M_MAX"": ""-9.00"", ""RN_10M_MAX_TM"": ""-9"", ""RN_60M_MAX_TM"": ""-9"", ""RN_POW_MAX_TM"": ""-9"", ""SI_60M_MAX_TM"": ""-9""}","20260727,108,-9.0,-9,25,4.7,1632,27,9.6,1627,-99.0,31.6,1329,27.2,631,-99.0,-99.0,25.8,-9.0,62.0,1342,-9.0,-9.0,-9.0,-9.00,-9.0,-9.0,1012.4,1010,1011.0,455,-9.0,-9.0,14.2,-9.0,-9.00,-9.00,-9,0.0,-9.0,-9.00,-9.0,-9,-9.0,-9,-9.0,-9,-9.0,-9,-9.0,-9,27.7,25.2,24.5,20.2,15.5,",https://apihub.kma.go.kr/api/typ01/url/kma_sfcdd.php?tm=&stn=108&authKey=L_aqRjZLRCq2qkY2S3QqkA
121,2026-07-28T20:12:54.503251+09:00,2026-07-28,108,KMA_ASOS_DAILY,,32.7,26.7,,,"{""TM"": ""20260728"", ""STN"": ""108"", ""EV_L"": ""-9.0"", ""EV_S"": ""-9.0"", ""TE_05"": ""27.8"", ""TE_10"": ""25.3"", ""TE_15"": ""24.5"", ""TE_30"": ""20.1"", ""TE_50"": ""15.5"", ""CA_TOT"": ""-9.0"", ""FG_DUR"": ""-9.00"", ""HM_AVG"": ""-9.0"", ""HM_MIN"": ""61.0"", ""PA_AVG"": ""-9.0"", ""PS_AVG"": ""-9.0"", ""PS_MAX"": ""1014.1"", ""PS_MIN"": ""1012.4"", ""PV_AVG"": ""-9.0"", ""RN_D99"": ""-9.0"", ""RN_DAY"": ""-9.0"", ""RN_DUR"": ""-9.00"", ""SD_MAX"": ""-9.0"", ""SD_NEW"": ""-9.0"", ""SI_DAY"": ""-9.00"", ""SS_CMB"": ""-9.0"", ""SS_DAY"": ""-9.0"", ""SS_DUR"": ""14.2"", ""TA_AVG"": ""-99.0"", ""TA_MAX"": ""32.7"", ""TA_MIN"": ""26.7"", ""TD_AVG"": ""-99.0"", ""TG_MIN"": ""25.8"", ""TS_AVG"": ""-99.0"", ""WD_INS"": ""27"", ""WD_MAX"": ""27"", ""WR_DAY"": ""-9"", ""WS_AVG"": ""-9.0"", ""WS_INS"": ""7.1"", ""WS_MAX"": ""4.1"", ""HM_MIN_TM"": ""1331"", ""PS_MAX_TM"": ""1001"", ""PS_MIN_TM"": ""1843"", ""SD_MAX_TM"": ""-9"", ""SD_NEW_TM"": ""-9"", ""TA_MAX_TM"": ""1449"", ""TA_MIN_TM"": ""552"", ""WS_INS_TM"": ""1413"", ""WS_MAX_TM"": ""1458"", ""RN_10M_MAX"": ""-9.0"", ""RN_60M_MAX"": ""-9.0"", ""RN_POW_MAX"": ""-9.0"", ""SI_60M_MAX"": ""-9.00"", ""RN_10M_MAX_TM"": ""-9"", ""RN_60M_MAX_TM"": ""-9"", ""RN_POW_MAX_TM"": ""-9"", ""SI_60M_MAX_TM"": ""-9""}","20260728,108,-9.0,-9,27,4.1,1458,27,7.1,1413,-99.0,32.7,1449,26.7,552,-99.0,-99.0,25.8,-9.0,61.0,1331,-9.0,-9.0,-9.0,-9.00,-9.0,-9.0,1014.1,1001,1012.4,1843,-9.0,-9.0,14.2,-9.0,-9.00,-9.00,-9,-9.0,-9.0,-9.00,-9.0,-9,-9.0,-9,-9.0,-9,-9.0,-9,-9.0,-9,27.8,25.3,24.5,20.1,15.5,",https://apihub.kma.go.kr/api/typ01/url/kma_sfcdd.php?tm=&stn=108&authKey=L_aqRjZLRCq2qkY2S3QqkA
127,2026-07-29T20:14:16.240116+09:00,2026-07-29,108,KMA_ASOS_DAILY,,32.6,26.1,,,"{""TM"": ""20260729"", ""STN"": ""108"", ""EV_L"": ""-9.0"", ""EV_S"": ""-9.0"", ""TE_05"": ""28.1"", ""TE_10"": ""25.5"", ""TE_15"": ""24.5"", ""TE_30"": ""20.1"", ""TE_50"": ""15.5"", ""CA_TOT"": ""-9.0"", ""FG_DUR"": ""-9.00"", ""HM_AVG"": ""-9.0"", ""HM_MIN"": ""57.0"", ""PA_AVG"": ""-9.0"", ""PS_AVG"": ""-9.0"", ""PS_MAX"": ""1013.5"", ""PS_MIN"": ""1009.2"", ""PV_AVG"": ""-9.0"", ""RN_D99"": ""-9.0"", ""RN_DAY"": ""-9.0"", ""RN_DUR"": ""-9.00"", ""SD_MAX"": ""-9.0"", ""SD_NEW"": ""-9.0"", ""SI_DAY"": ""-9.00"", ""SS_CMB"": ""-9.0"", ""SS_DAY"": ""-9.0"", ""SS_DUR"": ""14.2"", ""TA_AVG"": ""-99.0"", ""TA_MAX"": ""32.6"", ""TA_MIN"": ""26.1"", ""TD_AVG"": ""-99.0"", ""TG_MIN"": ""25.5"", ""TS_AVG"": ""-99.0"", ""WD_INS"": ""29"", ""WD_MAX"": ""29"", ""WR_DAY"": ""-9"", ""WS_AVG"": ""-9.0"", ""WS_INS"": ""8.6"", ""WS_MAX"": ""5.0"", ""HM_MIN_TM"": ""1425"", ""PS_MAX_TM"": ""2"", ""PS_MIN_TM"": ""1809"", ""SD_MAX_TM"": ""-9"", ""SD_NEW_TM"": ""-9"", ""TA_MAX_TM"": ""1438"", ""TA_MIN_TM"": ""608"", ""WS_INS_TM"": ""1352"", ""WS_MAX_TM"": ""1831"", ""RN_10M_MAX"": ""-9.0"", ""RN_60M_MAX"": ""-9.0"", ""RN_POW_MAX"": ""-9.0"", ""SI_60M_MAX"": ""-9.00"", ""RN_10M_MAX_TM"": ""-9"", ""RN_60M_MAX_TM"": ""-9"", ""RN_POW_MAX_TM"": ""-9"", ""SI_60M_MAX_TM"": ""-9""}","20260729,108,-9.0,-9,29,5.0,1831,29,8.6,1352,-99.0,32.6,1438,26.1,608,-99.0,-99.0,25.5,-9.0,57.0,1425,-9.0,-9.0,-9.0,-9.00,-9.0,-9.0,1013.5,2,1009.2,1809,-9.0,-9.0,14.2,-9.0,-9.00,-9.00,-9,-9.0,-9.0,-9.00,-9.0,-9,-9.0,-9,-9.0,-9,-9.0,-9,-9.0,-9,28.1,25.5,24.5,20.1,15.5,",https://apihub.kma.go.kr/api/typ01/url/kma_sfcdd.php?tm=&stn=108&authKey=L_aqRjZLRCq2qkY2S3QqkA
133,2026-07-30T20:13:41.058413+09:00,2026-07-30,108,KMA_ASOS_DAILY,,32.7,25.3,,,"{""TM"": ""20260730"", ""STN"": ""108"", ""EV_L"": ""-9.0"", ""EV_S"": ""-9.0"", ""TE_05"": ""28.3"", ""TE_10"": ""25.6"", ""TE_15"": ""24.6"", ""TE_30"": ""20.0"", ""TE_50"": ""15.6"", ""CA_TOT"": ""-9.0"", ""FG_DUR"": ""-9.00"", ""HM_AVG"": ""-9.0"", ""HM_MIN"": ""55.0"", ""PA_AVG"": ""-9.0"", ""PS_AVG"": ""-9.0"", ""PS_MAX"": ""1010.9"", ""PS_MIN"": ""1007.9"", ""PV_AVG"": ""-9.0"", ""RN_D99"": ""-9.0"", ""RN_DAY"": ""-9.0"", ""RN_DUR"": ""-9.00"", ""SD_MAX"": ""-9.0"", ""SD_NEW"": ""-9.0"", ""SI_DAY"": ""-9.00"", ""SS_CMB"": ""-9.0"", ""SS_DAY"": ""-9.0"", ""SS_DUR"": ""14.2"", ""TA_AVG"": ""-99.0"", ""TA_MAX"": ""32.7"", ""TA_MIN"": ""25.3"", ""TD_AVG"": ""-99.0"", ""TG_MIN"": ""23.0"", ""TS_AVG"": ""-99.0"", ""WD_INS"": ""18"", ""WD_MAX"": ""29"", ""WR_DAY"": ""-9"", ""WS_AVG"": ""-9.0"", ""WS_INS"": ""6.4"", ""WS_MAX"": ""4.0"", ""HM_MIN_TM"": ""1756"", ""PS_MAX_TM"": ""1"", ""PS_MIN_TM"": ""1758"", ""SD_MAX_TM"": ""-9"", ""SD_NEW_TM"": ""-9"", ""TA_MAX_TM"": ""1555"", ""TA_MIN_TM"": ""540"", ""WS_INS_TM"": ""1338"", ""WS_MAX_TM"": ""4"", ""RN_10M_MAX"": ""-9.0"", ""RN_60M_MAX"": ""-9.0"", ""RN_POW_MAX"": ""-9.0"", ""SI_60M_MAX"": ""-9.00"", ""RN_10M_MAX_TM"": ""-9"", ""RN_60M_MAX_TM"": ""-9"", ""RN_POW_MAX_TM"": ""-9"", ""SI_60M_MAX_TM"": ""-9""}","20260730,108,-9.0,-9,29,4.0,4,18,6.4,1338,-99.0,32.7,1555,25.3,540,-99.0,-99.0,23.0,-9.0,55.0,1756,-9.0,-9.0,-9.0,-9.00,-9.0,-9.0,1010.9,1,1007.9,1758,-9.0,-9.0,14.2,-9.0,-9.00,-9.00,-9,-9.0,-9.0,-9.00,-9.0,-9,-9.0,-9,-9.0,-9,-9.0,-9,-9.0,-9,28.3,25.6,24.6,20.0,15.6,",https://apihub.kma.go.kr/api/typ01/url/kma_sfcdd.php?tm=&stn=108&authKey=L_aqRjZLRCq2qkY2S3QqkA
139,2026-07-31T20:13:32.699968+09:00,2026-07-31,108,KMA_ASOS_DAILY,,32.2,25.9,,,"{""TM"": ""20260731"", ""STN"": ""108"", ""EV_L"": ""-9.0"", ""EV_S"": ""-9.0"", ""TE_05"": ""28.3"", ""TE_10"": ""25.7"", ""TE_15"": ""24.6"", ""TE_30"": ""20.0"", ""TE_50"": ""15.6"", ""CA_TOT"": ""-9.0"", ""FG_DUR"": ""-9.00"", ""HM_AVG"": ""-9.0"", ""HM_MIN"": ""64.0"", ""PA_AVG"": ""-9.0"", ""PS_AVG"": ""-9.0"", ""PS_MAX"": ""1009.2"", ""PS_MIN"": ""1005.6"", ""PV_AVG"": ""-9.0"", ""RN_D99"": ""-9.0"", ""RN_DAY"": ""-9.0"", ""RN_DUR"": ""-9.00"", ""SD_MAX"": ""-9.0"", ""SD_NEW"": ""-9.0"", ""SI_DAY"": ""-9.00"", ""SS_CMB"": ""-9.0"", ""SS_DAY"": ""-9.0"", ""SS_DUR"": ""14.1"", ""TA_AVG"": ""-99.0"", ""TA_MAX"": ""32.2"", ""TA_MIN"": ""25.9"", ""TD_AVG"": ""-99.0"", ""TG_MIN"": ""23.8"", ""TS_AVG"": ""-99.0"", ""WD_INS"": ""32"", ""WD_MAX"": ""27"", ""WR_DAY"": ""-9"", ""WS_AVG"": ""-9.0"", ""WS_INS"": ""7.5"", ""WS_MAX"": ""4.0"", ""HM_MIN_TM"": ""1327"", ""PS_MAX_TM"": ""658"", ""PS_MIN_TM"": ""1805"", ""SD_MAX_TM"": ""-9"", ""SD_NEW_TM"": ""-9"", ""TA_MAX_TM"": ""1438"", ""TA_MIN_TM"": ""218"", ""WS_INS_TM"": ""1704"", ""WS_MAX_TM"": ""1551"", ""RN_10M_MAX"": ""-9.0"", ""RN_60M_MAX"": ""-9.0"", ""RN_POW_MAX"": ""-9.0"", ""SI_60M_MAX"": ""-9.00"", ""RN_10M_MAX_TM"": ""-9"", ""RN_60M_MAX_TM"": ""-9"", ""RN_POW_MAX_TM"": ""-9"", ""SI_60M_MAX_TM"": ""-9""}","20260731,108,-9.0,-9,27,4.0,1551,32,7.5,1704,-99.0,32.2,1438,25.9,218,-99.0,-99.0,23.8,-9.0,64.0,1327,-9.0,-9.0,-9.0,-9.00,-9.0,-9.0,1009.2,658,1005.6,1805,-9.0,-9.0,14.1,-9.0,-9.00,-9.00,-9,-9.0,-9.0,-9.00,-9.0,-9,-9.0,-9,-9.0,-9,-9.0,-9,-9.0,-9,28.3,25.7,24.6,20.0,15.6,",https://apihub.kma.go.kr/api/typ01/url/kma_sfcdd.php?tm=&stn=108&authKey=L_aqRjZLRCq2qkY2S3QqkA
145,2026-08-01T20:12:27.078570+09:00,2026-08-01,108,KMA_ASOS_DAILY,,34.0,27.4,,,"{""TM"": ""20260801"", ""STN"": ""108"", ""EV_L"": ""-9.0"", ""EV_S"": ""-9.0"", ""TE_05"": ""28.3"", ""TE_10"": ""25.8"", ""TE_15"": ""24.7"", ""TE_30"": ""20.0"", ""TE_50"": ""15.6"", ""CA_TOT"": ""-9.0"", ""FG_DUR"": ""-9.00"", ""HM_AVG"": ""-9.0"", ""HM_MIN"": ""60.0"", ""PA_AVG"": ""-9.0"", ""PS_AVG"": ""-9.0"", ""PS_MAX"": ""1007.5"", ""PS_MIN"": ""1005.6"", ""PV_AVG"": ""-9.0"", ""RN_D99"": ""-9.0"", ""RN_DAY"": ""-9.0"", ""RN_DUR"": ""-9.00"", ""SD_MAX"": ""-9.0"", ""SD_NEW"": ""-9.0"", ""SI_DAY"": ""-9.00"", ""SS_CMB"": ""-9.0"", ""SS_DAY"": ""-9.0"", ""SS_DUR"": ""14.1"", ""TA_AVG"": ""-99.0"", ""TA_MAX"": ""34.0"", ""TA_MIN"": ""27.4"", ""TD_AVG"": ""-99.0"", ""TG_MIN"": ""26.1"", ""TS_AVG"": ""-99.0"", ""WD_INS"": ""27"", ""WD_MAX"": ""27"", ""WR_DAY"": ""-9"", ""WS_AVG"": ""-9.0"", ""WS_INS"": ""8.1"", ""WS_MAX"": ""4.2"", ""HM_MIN_TM"": ""1539"", ""PS_MAX_TM"": ""1007"", ""PS_MIN_TM"": ""1606"", ""SD_MAX_TM"": ""-9"", ""SD_NEW_TM"": ""-9"", ""TA_MAX_TM"": ""1537"", ""TA_MIN_TM"": ""529"", ""WS_INS_TM"": ""1449"", ""WS_MAX_TM"": ""1444"", ""RN_10M_MAX"": ""-9.0"", ""RN_60M_MAX"": ""-9.0"", ""RN_POW_MAX"": ""-9.0"", ""SI_60M_MAX"": ""-9.00"", ""RN_10M_MAX_TM"": ""-9"", ""RN_60M_MAX_TM"": ""-9"", ""RN_POW_MAX_TM"": ""-9"", ""SI_60M_MAX_TM"": ""-9""}","20260801,108,-9.0,-9,27,4.2,1444,27,8.1,1449,-99.0,34.0,1537,27.4,529,-99.0,-99.0,26.1,-9.0,60.0,1539,-9.0,-9.0,-9.0,-9.00,-9.0,-9.0,1007.5,1007,1005.6,1606,-9.0,-9.0,14.1,-9.0,-9.00,-9.00,-9,-9.0,-9.0,-9.00,-9.0,-9,-9.0,-9,-9.0,-9,-9.0,-9,-9.0,-9,28.3,25.8,24.7,20.0,15.6,",https://apihub.kma.go.kr/api/typ01/url/kma_sfcdd.php?tm=&stn=108&authKey=L_aqRjZLRCq2qkY2S3QqkA
151,2026-08-02T20:13:26.697823+09:00,2026-08-02,108,KMA_ASOS_DAILY,,34.9,27.5,,,"{""TM"": ""20260802"", ""STN"": ""108"", ""EV_L"": ""-9.0"", ""EV_S"": ""-9.0"", ""TE_05"": ""28.4"", ""TE_10"": ""25.9"", ""TE_15"": ""24.8"", ""TE_30"": ""20.0"", ""TE_50"": ""15.7"", ""CA_TOT"": ""-9.0"", ""FG_DUR"": ""-9.00"", ""HM_AVG"": ""-9.0"", ""HM_MIN"": ""53.0"", ""PA_AVG"": ""-9.0"", ""PS_AVG"": ""-9.0"", ""PS_MAX"": ""1010.0"", ""PS_MIN"": ""1007.6"", ""PV_AVG"": ""-9.0"", ""RN_D99"": ""-9.0"", ""RN_DAY"": ""-9.0"", ""RN_DUR"": ""-9.00"", ""SD_MAX"": ""-9.0"", ""SD_NEW"": ""-9.0"", ""SI_DAY"": ""-9.00"", ""SS_CMB"": ""-9.0"", ""SS_DAY"": ""-9.0"", ""SS_DUR"": ""14.1"", ""TA_AVG"": ""-99.0"", ""TA_MAX"": ""34.9"", ""TA_MIN"": ""27.5"", ""TD_AVG"": ""-99.0"", ""TG_MIN"": ""23.9"", ""TS_AVG"": ""-99.0"", ""WD_INS"": ""25"", ""WD_MAX"": ""27"", ""WR_DAY"": ""-9"", ""WS_AVG"": ""-9.0"", ""WS_INS"": ""7.4"", ""WS_MAX"": ""4.2"", ""HM_MIN_TM"": ""1258"", ""PS_MAX_TM"": ""830"", ""PS_MIN_TM"": ""1517"", ""SD_MAX_TM"": ""-9"", ""SD_NEW_TM"": ""-9"", ""TA_MAX_TM"": ""1453"", ""TA_MIN_TM"": ""446"", ""WS_INS_TM"": ""1503"", ""WS_MAX_TM"": ""1427"", ""RN_10M_MAX"": ""-9.0"", ""RN_60M_MAX"": ""-9.0"", ""RN_POW_MAX"": ""-9.0"", ""SI_60M_MAX"": ""-9.00"", ""RN_10M_MAX_TM"": ""-9"", ""RN_60M_MAX_TM"": ""-9"", ""RN_POW_MAX_TM"": ""-9"", ""SI_60M_MAX_TM"": ""-9""}","20260802,108,-9.0,-9,27,4.2,1427,25,7.4,1503,-99.0,34.9,1453,27.5,446,-99.0,-99.0,23.9,-9.0,53.0,1258,-9.0,-9.0,-9.0,-9.00,-9.0,-9.0,1010.0,830,1007.6,1517,-9.0,-9.0,14.1,-9.0,-9.00,-9.00,-9,-9.0,-9.0,-9.00,-9.0,-9,-9.0,-9,-9.0,-9,-9.0,-9,-9.0,-9,28.4,25.9,24.8,20.0,15.7,",https://apihub.kma.go.kr/api/typ01/url/kma_sfcdd.php?tm=&stn=108&authKey=L_aqRjZLRCq2qkY2S3QqkA
157,2026-08-03T20:14:52.461420+09:00,2026-08-03,108,KMA_ASOS_DAILY,,36.7,26.5,,,"{""TM"": ""20260803"", ""STN"": ""108"", ""EV_L"": ""-9.0"", ""EV_S"": ""-9.0"", ""TE_05"": ""28.6"", ""TE_10"": ""26.0"", ""TE_15"": ""24.8"", ""TE_30"": ""20.1"", ""TE_50"": ""15.7"", ""CA_TOT"": ""-9.0"", ""FG_DUR"": ""-9.00"", ""HM_AVG"": ""-9.0"", ""HM_MIN"": ""48.0"", ""PA_AVG"": ""-9.0"", ""PS_AVG"": ""-9.0"", ""PS_MAX"": ""1011.6"", ""PS_MIN"": ""1009.0"", ""PV_AVG"": ""-9.0"", ""RN_D99"": ""-9.0"", ""RN_DAY"": ""-9.0"", ""RN_DUR"": ""-9.00"", ""SD_MAX"": ""-9.0"", ""SD_NEW"": ""-9.0"", ""SI_DAY"": ""-9.00"", ""SS_CMB"": ""-9.0"", ""SS_DAY"": ""-9.0"", ""SS_DUR"": ""14.0"", ""TA_AVG"": ""-99.0"", ""TA_MAX"": ""36.7"", ""TA_MIN"": ""26.5"", ""TD_AVG"": ""-99.0"", ""TG_MIN"": ""22.0"", ""TS_AVG"": ""-99.0"", ""WD_INS"": ""34"", ""WD_MAX"": ""32"", ""WR_DAY"": ""-9"", ""WS_AVG"": ""-9.0"", ""WS_INS"": ""7.0"", ""WS_MAX"": ""4.3"", ""HM_MIN_TM"": ""1359"", ""PS_MAX_TM"": ""722"", ""PS_MIN_TM"": ""1628"", ""SD_MAX_TM"": ""-9"", ""SD_NEW_TM"": ""-9"", ""TA_MAX_TM"": ""1512"", ""TA_MIN_TM"": ""457"", ""WS_INS_TM"": ""1815"", ""WS_MAX_TM"": ""1819"", ""RN_10M_MAX"": ""-9.0"", ""RN_60M_MAX"": ""-9.0"", ""RN_POW_MAX"": ""-9.0"", ""SI_60M_MAX"": ""-9.00"", ""RN_10M_MAX_TM"": ""-9"", ""RN_60M_MAX_TM"": ""-9"", ""RN_POW_MAX_TM"": ""-9"", ""SI_60M_MAX_TM"": ""-9""}","20260803,108,-9.0,-9,32,4.3,1819,34,7.0,1815,-99.0,36.7,1512,26.5,457,-99.0,-99.0,22.0,-9.0,48.0,1359,-9.0,-9.0,-9.0,-9.00,-9.0,-9.0,1011.6,722,1009.0,1628,-9.0,-9.0,14.0,-9.0,-9.00,-9.00,-9,-9.0,-9.0,-9.00,-9.0,-9,-9.0,-9,-9.0,-9,-9.0,-9,-9.0,-9,28.6,26.0,24.8,20.1,15.7,",https://apihub.kma.go.kr/api/typ01/url/kma_sfcdd.php?tm=&stn=108&authKey=L_aqRjZLRCq2qkY2S3QqkA
163,2026-08-04T20:14:00.133772+09:00,2026-08-04,108,KMA_ASOS_DAILY,,36.9,28.9,,,"{""TM"": ""20260804"", ""STN"": ""108"", ""EV_L"": ""-9.0"", ""EV_S"": ""-9.0"", ""TE_05"": ""28.7"", ""TE_10"": ""26.1"", ""TE_15"": ""24.9"", ""TE_30"": ""20.1"", ""TE_50"": ""15.7"", ""CA_TOT"": ""-9.0"", ""FG_DUR"": ""-9.00"", ""HM_AVG"": ""-9.0"", ""HM_MIN"": ""53.0"", ""PA_AVG"": ""-9.0"", ""PS_AVG"": ""-9.0"", ""PS_MAX"": ""1012.0"", ""PS_MIN"": ""1007.8"", ""PV_AVG"": ""-9.0"", ""RN_D99"": ""-9.0"", ""RN_DAY"": ""-9.0"", ""RN_DUR"": ""-9.00"", ""SD_MAX"": ""-9.0"", ""SD_NEW"": ""-9.0"", ""SI_DAY"": ""-9.00"", ""SS_CMB"": ""-9.0"", ""SS_DAY"": ""-9.0"", ""SS_DUR"": ""14.0"", ""TA_AVG"": ""-99.0"", ""TA_MAX"": ""36.9"", ""TA_MIN"": ""28.9"", ""TD_AVG"": ""-99.0"", ""TG_MIN"": ""25.9"", ""TS_AVG"": ""-99.0"", ""WD_INS"": ""32"", ""WD_MAX"": ""32"", ""WR_DAY"": ""-9"", ""WS_AVG"": ""-9.0"", ""WS_INS"": ""7.2"", ""WS_MAX"": ""4.1"", ""HM_MIN_TM"": ""1511"", ""PS_MAX_TM"": ""745"", ""PS_MIN_TM"": ""1822"", ""SD_MAX_TM"": ""-9"", ""SD_NEW_TM"": ""-9"", ""TA_MAX_TM"": ""1616"", ""TA_MIN_TM"": ""551"", ""WS_INS_TM"": ""1705"", ""WS_MAX_TM"": ""1648"", ""RN_10M_MAX"": ""-9.0"", ""RN_60M_MAX"": ""-9.0"", ""RN_POW_MAX"": ""-9.0"", ""SI_60M_MAX"": ""-9.00"", ""RN_10M_MAX_TM"": ""-9"", ""RN_60M_MAX_TM"": ""-9"", ""RN_POW_MAX_TM"": ""-9"", ""SI_60M_MAX_TM"": ""-9""}","20260804,108,-9.0,-9,32,4.1,1648,32,7.2,1705,-99.0,36.9,1616,28.9,551,-99.0,-99.0,25.9,-9.0,53.0,1511,-9.0,-9.0,-9.0,-9.00,-9.0,-9.0,1012.0,745,1007.8,1822,-9.0,-9.0,14.0,-9.0,-9.00,-9.00,-9,-9.0,-9.0,-9.00,-9.0,-9,-9.0,-9,-9.0,-9,-9.0,-9,-9.0,-9,28.7,26.1,24.9,20.1,15.7,",https://apihub.kma.go.kr/api/typ01/url/kma_sfcdd.php?tm=&stn=108&authKey=L_aqRjZLRCq2qkY2S3QqkA
169,2026-08-05T20:13:54.275111+09:00,2026-08-05,108,KMA_ASOS_DAILY,,36.9,29.0,,,"{""TM"": ""20260805"", ""STN"": ""108"", ""EV_L"": ""-9.0"", ""EV_S"": ""-9.0"", ""TE_05"": ""28.9"", ""TE_10"": ""26.2"", ""TE_15"": ""25.0"", ""TE_30"": ""20.1"", ""TE_50"": ""15.8"", ""CA_TOT"": ""-9.0"", ""FG_DUR"": ""-9.00"", ""HM_AVG"": ""-9.0"", ""HM_MIN"": ""50.0"", ""PA_AVG"": ""-9.0"", ""PS_AVG"": ""-9.0"", ""PS_MAX"": ""1010.1"", ""PS_MIN"": ""1005.5"", ""PV_AVG"": ""-9.0"", ""RN_D99"": ""-9.0"", ""RN_DAY"": ""-9.0"", ""RN_DUR"": ""-9.00"", ""SD_MAX"": ""-9.0"", ""SD_NEW"": ""-9.0"", ""SI_DAY"": ""-9.00"", ""SS_CMB"": ""-9.0"", ""SS_DAY"": ""-9.0"", ""SS_DUR"": ""14.0"", ""TA_AVG"": ""-99.0"", ""TA_MAX"": ""36.9"", ""TA_MIN"": ""29.0"", ""TD_AVG"": ""-99.0"", ""TG_MIN"": ""26.3"", ""TS_AVG"": ""-99.0"", ""WD_INS"": ""25"", ""WD_MAX"": ""25"", ""WR_DAY"": ""-9"", ""WS_AVG"": ""-9.0"", ""WS_INS"": ""6.1"", ""WS_MAX"": ""4.1"", ""HM_MIN_TM"": ""1502"", ""PS_MAX_TM"": ""726"", ""PS_MIN_TM"": ""1714"", ""SD_MAX_TM"": ""-9"", ""SD_NEW_TM"": ""-9"", ""TA_MAX_TM"": ""1651"", ""TA_MIN_TM"": ""619"", ""WS_INS_TM"": ""1811"", ""WS_MAX_TM"": ""1818"", ""RN_10M_MAX"": ""-9.0"", ""RN_60M_MAX"": ""-9.0"", ""RN_POW_MAX"": ""-9.0"", ""SI_60M_MAX"": ""-9.00"", ""RN_10M_MAX_TM"": ""-9"", ""RN_60M_MAX_TM"": ""-9"", ""RN_POW_MAX_TM"": ""-9"", ""SI_60M_MAX_TM"": ""-9""}","20260805,108,-9.0,-9,25,4.1,1818,25,6.1,1811,-99.0,36.9,1651,29.0,619,-99.0,-99.0,26.3,-9.0,50.0,1502,-9.0,-9.0,-9.0,-9.00,-9.0,-9.0,1010.1,726,1005.5,1714,-9.0,-9.0,14.0,-9.0,-9.00,-9.00,-9,-9.0,-9.0,-9.00,-9.0,-9,-9.0,-9,-9.0,-9,-9.0,-9,-9.0,-9,28.9,26.2,25.0,20.1,15.8,",https://apihub.kma.go.kr/api/typ01/url/kma_sfcdd.php?tm=&stn=108&authKey=L_aqRjZLRCq2qkY2S3QqkA
175,2026-08-06T20:14:34.242078+09:00,2026-08-06,108,KMA_ASOS_DAILY,,37.9,28.9,,,"{""TM"": ""20260806"", ""STN"": ""108"", ""EV_L"": ""-9.0"", ""EV_S"": ""-9.0"", ""TE_05"": ""29.2"", ""TE_10"": ""26.4"", ""TE_15"": ""25.1"", ""TE_30"": ""20.2"", ""TE_50"": ""15.8"", ""CA_TOT"": ""-9.0"", ""FG_DUR"": ""-9.00"", ""HM_AVG"": ""-9.0"", ""HM_MIN"": ""36.0"", ""PA_AVG"": ""-9.0"", ""PS_AVG"": ""-9.0"", ""PS_MAX"": ""1007.9"", ""PS_MIN"": ""1003.6"", ""PV_AVG"": ""-9.0"", ""RN_D99"": ""-9.0"", ""RN_DAY"": ""-9.0"", ""RN_DUR"": ""-9.00"", ""SD_MAX"": ""-9.0"", ""SD_NEW"": ""-9.0"", ""SI_DAY"": ""-9.00"", ""SS_CMB"": ""-9.0"", ""SS_DAY"": ""-9.0"", ""SS_DUR"": ""13.9"", ""TA_AVG"": ""-99.0"", ""TA_MAX"": ""37.9"", ""TA_MIN"": ""28.9"", ""TD_AVG"": ""-99.0"", ""TG_MIN"": ""24.7"", ""TS_AVG"": ""-99.0"", ""WD_INS"": ""7"", ""WD_MAX"": ""5"", ""WR_DAY"": ""-9"", ""WS_AVG"": ""-9.0"", ""WS_INS"": ""6.5"", ""WS_MAX"": ""3.1"", ""HM_MIN_TM"": ""1624"", ""PS_MAX_TM"": ""646"", ""PS_MIN_TM"": ""1756"", ""SD_MAX_TM"": ""-9"", ""SD_NEW_TM"": ""-9"", ""TA_MAX_TM"": ""1605"", ""TA_MIN_TM"": ""615"", ""WS_INS_TM"": ""1351"", ""WS_MAX_TM"": ""725"", ""RN_10M_MAX"": ""-9.0"", ""RN_60M_MAX"": ""-9.0"", ""RN_POW_MAX"": ""-9.0"", ""SI_60M_MAX"": ""-9.00"", ""RN_10M_MAX_TM"": ""-9"", ""RN_60M_MAX_TM"": ""-9"", ""RN_POW_MAX_TM"": ""-9"", ""SI_60M_MAX_TM"": ""-9""}","20260806,108,-9.0,-9,5,3.1,725,7,6.5,1351,-99.0,37.9,1605,28.9,615,-99.0,-99.0,24.7,-9.0,36.0,1624,-9.0,-9.0,-9.0,-9.00,-9.0,-9.0,1007.9,646,1003.6,1756,-9.0,-9.0,13.9,-9.0,-9.00,-9.00,-9,-9.0,-9.0,-9.00,-9.0,-9,-9.0,-9,-9.0,-9,-9.0,-9,-9.0,-9,29.2,26.4,25.1,20.2,15.8,",https://apihub.kma.go.kr/api/typ01/url/kma_sfcdd.php?tm=&stn=108&authKey=L_aqRjZLRCq2qkY2S3QqkA
181,2026-08-07T20:13:24.119056+09:00,2026-08-07,108,KMA_ASOS_DAILY,,38.0,28.6,,,"{""TM"": ""20260807"", ""STN"": ""108"", ""EV_L"": ""-9.0"", ""EV_S"": ""-9.0"", ""TE_05"": ""29.3"", ""TE_10"": ""26.5"", ""TE_15"": ""25.2"", ""TE_30"": ""20.2"", ""TE_50"": ""15.8"", ""CA_TOT"": ""-9.0"", ""FG_DUR"": ""-9.00"", ""HM_AVG"": ""-9.0"", ""HM_MIN"": ""44.0"", ""PA_AVG"": ""-9.0"", ""PS_AVG"": ""-9.0"", ""PS_MAX"": ""1005.3"", ""PS_MIN"": ""1002.2"", ""PV_AVG"": ""-9.0"", ""RN_D99"": ""-9.0"", ""RN_DAY"": ""-9.0"", ""RN_DUR"": ""-9.00"", ""SD_MAX"": ""-9.0"", ""SD_NEW"": ""-9.0"", ""SI_DAY"": ""-9.00"", ""SS_CMB"": ""-9.0"", ""SS_DAY"": ""-9.0"", ""SS_DUR"": ""13.9"", ""TA_AVG"": ""-99.0"", ""TA_MAX"": ""38.0"", ""TA_MIN"": ""28.6"", ""TD_AVG"": ""-99.0"", ""TG_MIN"": ""24.3"", ""TS_AVG"": ""-99.0"", ""WD_INS"": ""34"", ""WD_MAX"": ""32"", ""WR_DAY"": ""-9"", ""WS_AVG"": ""-9.0"", ""WS_INS"": ""7.6"", ""WS_MAX"": ""3.7"", ""HM_MIN_TM"": ""1432"", ""PS_MAX_TM"": ""638"", ""PS_MIN_TM"": ""1619"", ""SD_MAX_TM"": ""-9"", ""SD_NEW_TM"": ""-9"", ""TA_MAX_TM"": ""1532"", ""TA_MIN_TM"": ""606"", ""WS_INS_TM"": ""1809"", ""WS_MAX_TM"": ""1818"", ""RN_10M_MAX"": ""-9.0"", ""RN_60M_MAX"": ""-9.0"", ""RN_POW_MAX"": ""-9.0"", ""SI_60M_MAX"": ""-9.00"", ""RN_10M_MAX_TM"": ""-9"", ""RN_60M_MAX_TM"": ""-9"", ""RN_POW_MAX_TM"": ""-9"", ""SI_60M_MAX_TM"": ""-9""}","20260807,108,-9.0,-9,32,3.7,1818,34,7.6,1809,-99.0,38.0,1532,28.6,606,-99.0,-99.0,24.3,-9.0,44.0,1432,-9.0,-9.0,-9.0,-9.00,-9.0,-9.0,1005.3,638,1002.2,1619,-9.0,-9.0,13.9,-9.0,-9.00,-9.00,-9,-9.0,-9.0,-9.00,-9.0,-9,-9.0,-9,-9.0,-9,-9.0,-9,-9.0,-9,29.3,26.5,25.2,20.2,15.8,",https://apihub.kma.go.kr/api/typ01/url/kma_sfcdd.php?tm=&stn=108&authKey=L_aqRjZLRCq2qkY2S3QqkA
187,2026-08-08T20:15:02.430964+09:00,2026-08-08,108,KMA_ASOS_DAILY,,36.8,29.1,,,"{""TM"": ""20260808"", ""STN"": ""108"", ""EV_L"": ""-9.0"", ""EV_S"": ""-9.0"", ""TE_05"": ""29.4"", ""TE_10"": ""26.6"", ""TE_15"": ""25.3"", ""TE_30"": ""20.2"", ""TE_50"": ""15.9"", ""CA_TOT"": ""-9.0"", ""FG_DUR"": ""-9.00"", ""HM_AVG"": ""-9.0"", ""HM_MIN"": ""44.0"", ""PA_AVG"": ""-9.0"", ""PS_AVG"": ""-9.0"", ""PS_MAX"": ""1007.2"", ""PS_MIN"": ""1004.0"", ""PV_AVG"": ""-9.0"", ""RN_D99"": ""-9.0"", ""RN_DAY"": ""-9.0"", ""RN_DUR"": ""-9.00"", ""SD_MAX"": ""-9.0"", ""SD_NEW"": ""-9.0"", ""SI_DAY"": ""-9.00"", ""SS_CMB"": ""-9.0"", ""SS_DAY"": ""-9.0"", ""SS_DUR"": ""13.9"", ""TA_AVG"": ""-99.0"", ""TA_MAX"": ""36.8"", ""TA_MIN"": ""29.1"", ""TD_AVG"": ""-99.0"", ""TG_MIN"": ""24.6"", ""TS_AVG"": ""-99.0"", ""WD_INS"": ""7"", ""WD_MAX"": ""5"", ""WR_DAY"": ""-9"", ""WS_AVG"": ""-9.0"", ""WS_INS"": ""12.2"", ""WS_MAX"": ""5.9"", ""HM_MIN_TM"": ""1532"", ""PS_MAX_TM"": ""814"", ""PS_MIN_TM"": ""133"", ""SD_MAX_TM"": ""-9"", ""SD_NEW_TM"": ""-9"", ""TA_MAX_TM"": ""1409"", ""TA_MIN_TM"": ""622"", ""WS_INS_TM"": ""1712"", ""WS_MAX_TM"": ""1822"", ""RN_10M_MAX"": ""-9.0"", ""RN_60M_MAX"": ""-9.0"", ""RN_POW_MAX"": ""-9.0"", ""SI_60M_MAX"": ""-9.00"", ""RN_10M_MAX_TM"": ""-9"", ""RN_60M_MAX_TM"": ""-9"", ""RN_POW_MAX_TM"": ""-9"", ""SI_60M_MAX_TM"": ""-9""}","20260808,108,-9.0,-9,5,5.9,1822,7,12.2,1712,-99.0,36.8,1409,29.1,622,-99.0,-99.0,24.6,-9.0,44.0,1532,-9.0,-9.0,-9.0,-9.00,-9.0,-9.0,1007.2,814,1004.0,133,-9.0,-9.0,13.9,-9.0,-9.00,-9.00,-9,-9.0,-9.0,-9.00,-9.0,-9,-9.0,-9,-9.0,-9,-9.0,-9,-9.0,-9,29.4,26.6,25.3,20.2,15.9,",https://apihub.kma.go.kr/api/typ01/url/kma_sfcdd.php?tm=&stn=108&authKey=L_aqRjZLRCq2qkY2S3QqkA
193,2026-08-09T20:12:20.329940+09:00,2026-08-09,108,KMA_ASOS_DAILY,,31.6,24.5,,,"{""TM"": ""20260809"", ""STN"": ""108"", ""EV_L"": ""-9.0"", ""EV_S"": ""-9.0"", ""TE_05"": ""-99.0"", ""TE_10"": ""-99.0"", ""TE_15"": ""-99.0"", ""TE_30"": ""-99.0"", ""TE_50"": ""-99.0"", ""CA_TOT"": ""-9.0"", ""FG_DUR"": ""-9.00"", ""HM_AVG"": ""-9.0"", ""HM_MIN"": ""51.0"", ""PA_AVG"": ""-9.0"", ""PS_AVG"": ""-9.0"", ""PS_MAX"": ""1010.1"", ""PS_MIN"": ""1008.0"", ""PV_AVG"": ""-9.0"", ""RN_D99"": ""-9.0"", ""RN_DAY"": ""-9.0"", ""RN_DUR"": ""-9.00"", ""SD_MAX"": ""-9.0"", ""SD_NEW"": ""-9.0"", ""SI_DAY"": ""-9.00"", ""SS_CMB"": ""-9.0"", ""SS_DAY"": ""-9.0"", ""SS_DUR"": ""13.8"", ""TA_AVG"": ""-99.0"", ""TA_MAX"": ""31.6"", ""TA_MIN"": ""24.5"", ""TD_AVG"": ""-99.0"", ""TG_MIN"": ""21.7"", ""TS_AVG"": ""-99.0"", ""WD_INS"": ""2"", ""WD_MAX"": ""5"", ""WR_DAY"": ""-9"", ""WS_AVG"": ""-9.0"", ""WS_INS"": ""11.4"", ""WS_MAX"": ""6.0"", ""HM_MIN_TM"": ""1352"", ""PS_MAX_TM"": ""2003"", ""PS_MIN_TM"": ""1541"", ""SD_MAX_TM"": ""-9"", ""SD_NEW_TM"": ""-9"", ""TA_MAX_TM"": ""1354"", ""TA_MIN_TM"": ""546"", ""WS_INS_TM"": ""1048"", ""WS_MAX_TM"": ""1040"", ""RN_10M_MAX"": ""-9.0"", ""RN_60M_MAX"": ""-9.0"", ""RN_POW_MAX"": ""-9.0"", ""SI_60M_MAX"": ""-9.00"", ""RN_10M_MAX_TM"": ""-9"", ""RN_60M_MAX_TM"": ""-9"", ""RN_POW_MAX_TM"": ""-9"", ""SI_60M_MAX_TM"": ""-9""}","20260809,108,-9.0,-9,5,6.0,1040,2,11.4,1048,-99.0,31.6,1354,24.5,546,-99.0,-99.0,21.7,-9.0,51.0,1352,-9.0,-9.0,-9.0,-9.00,-9.0,-9.0,1010.1,2003,1008.0,1541,-9.0,-9.0,13.8,-9.0,-9.00,-9.00,-9,-9.0,-9.0,-9.00,-9.0,-9,-9.0,-9,-9.0,-9,-9.0,-9,-9.0,-9,-99.0,-99.0,-99.0,-99.0,-99.0,",https://apihub.kma.go.kr/api/typ01/url/kma_sfcdd.php?tm=&stn=108&authKey=L_aqRjZLRCq2qkY2S3QqkA
198,2026-08-10T20:13:21.378310+09:00,2026-08-10,108,KMA_ASOS_DAILY,,34.3,24.8,,,"{""TM"": ""20260810"", ""STN"": ""108"", ""EV_L"": ""-9.0"", ""EV_S"": ""-9.0"", ""TE_05"": ""29.0"", ""TE_10"": ""26.8"", ""TE_15"": ""25.5"", ""TE_30"": ""20.3"", ""TE_50"": ""15.9"", ""CA_TOT"": ""-9.0"", ""FG_DUR"": ""-9.00"", ""HM_AVG"": ""-9.0"", ""HM_MIN"": ""41.0"", ""PA_AVG"": ""-9.0"", ""PS_AVG"": ""-9.0"", ""PS_MAX"": ""1011.9"", ""PS_MIN"": ""1008.7"", ""PV_AVG"": ""-9.0"", ""RN_D99"": ""-9.0"", ""RN_DAY"": ""-9.0"", ""RN_DUR"": ""-9.00"", ""SD_MAX"": ""-9.0"", ""SD_NEW"": ""-9.0"", ""SI_DAY"": ""-9.00"", ""SS_CMB"": ""-9.0"", ""SS_DAY"": ""-9.0"", ""SS_DUR"": ""13.8"", ""TA_AVG"": ""-99.0"", ""TA_MAX"": ""34.3"", ""TA_MIN"": ""24.8"", ""TD_AVG"": ""-99.0"", ""TG_MIN"": ""21.4"", ""TS_AVG"": ""-99.0"", ""WD_INS"": ""5"", ""WD_MAX"": ""7"", ""WR_DAY"": ""-9"", ""WS_AVG"": ""-9.0"", ""WS_INS"": ""9.1"", ""WS_MAX"": ""4.7"", ""HM_MIN_TM"": ""1426"", ""PS_MAX_TM"": ""848"", ""PS_MIN_TM"": ""1738"", ""SD_MAX_TM"": ""-9"", ""SD_NEW_TM"": ""-9"", ""TA_MAX_TM"": ""1501"", ""TA_MIN_TM"": ""453"", ""WS_INS_TM"": ""15"", ""WS_MAX_TM"": ""102"", ""RN_10M_MAX"": ""-9.0"", ""RN_60M_MAX"": ""-9.0"", ""RN_POW_MAX"": ""-9.0"", ""SI_60M_MAX"": ""-9.00"", ""RN_10M_MAX_TM"": ""-9"", ""RN_60M_MAX_TM"": ""-9"", ""RN_POW_MAX_TM"": ""-9"", ""SI_60M_MAX_TM"": ""-9""}","20260810,108,-9.0,-9,7,4.7,102,5,9.1,15,-99.0,34.3,1501,24.8,453,-99.0,-99.0,21.4,-9.0,41.0,1426,-9.0,-9.0,-9.0,-9.00,-9.0,-9.0,1011.9,848,1008.7,1738,-9.0,-9.0,13.8,-9.0,-9.00,-9.00,-9,-9.0,-9.0,-9.00,-9.0,-9,-9.0,-9,-9.0,-9,-9.0,-9,-9.0,-9,29.0,26.8,25.5,20.3,15.9,",https://apihub.kma.go.kr/api/typ01/url/kma_sfcdd.php?tm=&stn=108&authKey=L_aqRjZLRCq2qkY2S3QqkA
204,2026-08-11T20:14:56.579804+09:00,2026-08-11,108,KMA_ASOS_DAILY,,34.4,24.2,,,"{""TM"": ""20260811"", ""STN"": ""108"", ""EV_L"": ""-9.0"", ""EV_S"": ""-9.0"", ""TE_05"": ""28.9"", ""TE_10"": ""26.9"", ""TE_15"": ""25.6"", ""TE_30"": ""20.4"", ""TE_50"": ""16.0"", ""CA_TOT"": ""-9.0"", ""FG_DUR"": ""-9.00"", ""HM_AVG"": ""-9.0"", ""HM_MIN"": ""40.0"", ""PA_AVG"": ""-9.0"", ""PS_AVG"": ""-9.0"", ""PS_MAX"": ""1010.9"", ""PS_MIN"": ""1006.4"", ""PV_AVG"": ""-9.0"", ""RN_D99"": ""-9.0"", ""RN_DAY"": ""-9.0"", ""RN_DUR"": ""-9.00"", ""SD_MAX"": ""-9.0"", ""SD_NEW"": ""-9.0"", ""SI_DAY"": ""-9.00"", ""SS_CMB"": ""-9.0"", ""SS_DAY"": ""-9.0"", ""SS_DUR"": ""13.8"", ""TA_AVG"": ""-99.0"", ""TA_MAX"": ""34.4"", ""TA_MIN"": ""24.2"", ""TD_AVG"": ""-99.0"", ""TG_MIN"": ""20.2"", ""TS_AVG"": ""-99.0"", ""WD_INS"": ""7"", ""WD_MAX"": ""5"", ""WR_DAY"": ""-9"", ""WS_AVG"": ""-9.0"", ""WS_INS"": ""9.7"", ""WS_MAX"": ""5.0"", ""HM_MIN_TM"": ""1424"", ""PS_MAX_TM"": ""33"", ""PS_MIN_TM"": ""1729"", ""SD_MAX_TM"": ""-9"", ""SD_NEW_TM"": ""-9"", ""TA_MAX_TM"": ""1456"", ""TA_MIN_TM"": ""551"", ""WS_INS_TM"": ""840"", ""WS_MAX_TM"": ""1850"", ""RN_10M_MAX"": ""-9.0"", ""RN_60M_MAX"": ""-9.0"", ""RN_POW_MAX"": ""-9.0"", ""SI_60M_MAX"": ""-9.00"", ""RN_10M_MAX_TM"": ""-9"", ""RN_60M_MAX_TM"": ""-9"", ""RN_POW_MAX_TM"": ""-9"", ""SI_60M_MAX_TM"": ""-9""}","20260811,108,-9.0,-9,5,5.0,1850,7,9.7,840,-99.0,34.4,1456,24.2,551,-99.0,-99.0,20.2,-9.0,40.0,1424,-9.0,-9.0,-9.0,-9.00,-9.0,-9.0,1010.9,33,1006.4,1729,-9.0,-9.0,13.8,-9.0,-9.00,-9.00,-9,-9.0,-9.0,-9.00,-9.0,-9,-9.0,-9,-9.0,-9,-9.0,-9,-9.0,-9,28.9,26.9,25.6,20.4,16.0,",https://apihub.kma.go.kr/api/typ01/url/kma_sfcdd.php?tm=&stn=108&authKey=L_aqRjZLRCq2qkY2S3QqkA
209,2026-08-12T20:14:42.487595+09:00,2026-08-12,108,KMA_ASOS_DAILY,,32.0,21.3,,,"{""TM"": ""20260812"", ""STN"": ""108"", ""EV_L"": ""-9.0"", ""EV_S"": ""-9.0"", ""TE_05"": ""28.9"", ""TE_10"": ""26.9"", ""TE_15"": ""25.7"", ""TE_30"": ""20.4"", ""TE_50"": ""16.0"", ""CA_TOT"": ""-9.0"", ""FG_DUR"": ""-9.00"", ""HM_AVG"": ""-9.0"", ""HM_MIN"": ""41.0"", ""PA_AVG"": ""-9.0"", ""PS_AVG"": ""-9.0"", ""PS_MAX"": ""1009.3"", ""PS_MIN"": ""1004.4"", ""PV_AVG"": ""-9.0"", ""RN_D99"": ""-9.0"", ""RN_DAY"": ""-9.0"", ""RN_DUR"": ""-9.00"", ""SD_MAX"": ""-9.0"", ""SD_NEW"": ""-9.0"", ""SI_DAY"": ""-9.00"", ""SS_CMB"": ""-9.0"", ""SS_DAY"": ""-9.0"", ""SS_DUR"": ""13.7"", ""TA_AVG"": ""-99.0"", ""TA_MAX"": ""32.0"", ""TA_MIN"": ""21.3"", ""TD_AVG"": ""-99.0"", ""TG_MIN"": ""16.8"", ""TS_AVG"": ""-99.0"", ""WD_INS"": ""7"", ""WD_MAX"": ""7"", ""WR_DAY"": ""-9"", ""WS_AVG"": ""-9.0"", ""WS_INS"": ""10.6"", ""WS_MAX"": ""6.5"", ""HM_MIN_TM"": ""1310"", ""PS_MAX_TM"": ""39"", ""PS_MIN_TM"": ""1647"", ""SD_MAX_TM"": ""-9"", ""SD_NEW_TM"": ""-9"", ""TA_MAX_TM"": ""1502"", ""TA_MIN_TM"": ""621"", ""WS_INS_TM"": ""21"", ""WS_MAX_TM"": ""28"", ""RN_10M_MAX"": ""-9.0"", ""RN_60M_MAX"": ""-9.0"", ""RN_POW_MAX"": ""-9.0"", ""SI_60M_MAX"": ""-9.00"", ""RN_10M_MAX_TM"": ""-9"", ""RN_60M_MAX_TM"": ""-9"", ""RN_POW_MAX_TM"": ""-9"", ""SI_60M_MAX_TM"": ""-9""}","20260812,108,-9.0,-9,7,6.5,28,7,10.6,21,-99.0,32.0,1502,21.3,621,-99.0,-99.0,16.8,-9.0,41.0,1310,-9.0,-9.0,-9.0,-9.00,-9.0,-9.0,1009.3,39,1004.4,1647,-9.0,-9.0,13.7,-9.0,-9.00,-9.00,-9,-9.0,-9.0,-9.00,-9.0,-9,-9.0,-9,-9.0,-9,-9.0,-9,-9.0,-9,28.9,26.9,25.7,20.4,16.0,",https://apihub.kma.go.kr/api/typ01/url/kma_sfcdd.php?tm=&stn=108&authKey=L_aqRjZLRCq2qkY2S3QqkA
215,2026-08-13T20:12:37.452748+09:00,2026-08-13,108,KMA_ASOS_DAILY,,32.7,22.1,,,"{""TM"": ""20260813"", ""STN"": ""108"", ""EV_L"": ""-9.0"", ""EV_S"": ""-9.0"", ""TE_05"": ""28.8"", ""TE_10"": ""26.9"", ""TE_15"": ""25.7"", ""TE_30"": ""20.5"", ""TE_50"": ""16.0"", ""CA_TOT"": ""-9.0"", ""FG_DUR"": ""-9.00"", ""HM_AVG"": ""-9.0"", ""HM_MIN"": ""46.0"", ""PA_AVG"": ""-9.0"", ""PS_AVG"": ""-9.0"", ""PS_MAX"": ""1006.5"", ""PS_MIN"": ""1002.7"", ""PV_AVG"": ""-9.0"", ""RN_D99"": ""-9.0"", ""RN_DAY"": ""-9.0"", ""RN_DUR"": ""-9.00"", ""SD_MAX"": ""-9.0"", ""SD_NEW"": ""-9.0"", ""SI_DAY"": ""-9.00"", ""SS_CMB"": ""-9.0"", ""SS_DAY"": ""-9.0"", ""SS_DUR"": ""13.7"", ""TA_AVG"": ""-99.0"", ""TA_MAX"": ""32.7"", ""TA_MIN"": ""22.1"", ""TD_AVG"": ""-99.0"", ""TG_MIN"": ""17.2"", ""TS_AVG"": ""-99.0"", ""WD_INS"": ""2"", ""WD_MAX"": ""5"", ""WR_DAY"": ""-9"", ""WS_AVG"": ""-9.0"", ""WS_INS"": ""7.7"", ""WS_MAX"": ""4.4"", ""HM_MIN_TM"": ""1333"", ""PS_MAX_TM"": ""11"", ""PS_MIN_TM"": ""1621"", ""SD_MAX_TM"": ""-9"", ""SD_NEW_TM"": ""-9"", ""TA_MAX_TM"": ""1331"", ""TA_MIN_TM"": ""504"", ""WS_INS_TM"": ""1640"", ""WS_MAX_TM"": ""1910"", ""RN_10M_MAX"": ""-9.0"", ""RN_60M_MAX"": ""-9.0"", ""RN_POW_MAX"": ""-9.0"", ""SI_60M_MAX"": ""-9.00"", ""RN_10M_MAX_TM"": ""-9"", ""RN_60M_MAX_TM"": ""-9"", ""RN_POW_MAX_TM"": ""-9"", ""SI_60M_MAX_TM"": ""-9""}","20260813,108,-9.0,-9,5,4.4,1910,2,7.7,1640,-99.0,32.7,1331,22.1,504,-99.0,-99.0,17.2,-9.0,46.0,1333,-9.0,-9.0,-9.0,-9.00,-9.0,-9.0,1006.5,11,1002.7,1621,-9.0,-9.0,13.7,-9.0,-9.00,-9.00,-9,-9.0,-9.0,-9.00,-9.0,-9,-9.0,-9,-9.0,-9,-9.0,-9,-9.0,-9,28.8,26.9,25.7,20.5,16.0,",https://apihub.kma.go.kr/api/typ01/url/kma_sfcdd.php?tm=&stn=108&authKey=L_aqRjZLRCq2qkY2S3QqkA
220,2026-08-14T20:12:24.844320+09:00,2026-08-14,108,KMA_ASOS_DAILY,,31.7,24.7,0.2,,"{""TM"": ""20260814"", ""STN"": ""108"", ""EV_L"": ""-9.0"", ""EV_S"": ""-9.0"", ""TE_05"": ""28.7"", ""TE_10"": ""26.9"", ""TE_15"": ""25.8"", ""TE_30"": ""20.6"", ""TE_50"": ""16.1"", ""CA_TOT"": ""-9.0"", ""FG_DUR"": ""-9.00"", ""HM_AVG"": ""-9.0"", ""HM_MIN"": ""49.0"", ""PA_AVG"": ""-9.0"", ""PS_AVG"": ""-9.0"", ""PS_MAX"": ""1005.6"", ""PS_MIN"": ""1004.1"", ""PV_AVG"": ""-9.0"", ""RN_D99"": ""-9.0"", ""RN_DAY"": ""0.2"", ""RN_DUR"": ""-9.00"", ""SD_MAX"": ""-9.0"", ""SD_NEW"": ""-9.0"", ""SI_DAY"": ""-9.00"", ""SS_CMB"": ""-9.0"", ""SS_DAY"": ""-9.0"", ""SS_DUR"": ""13.7"", ""TA_AVG"": ""-99.0"", ""TA_MAX"": ""31.7"", ""TA_MIN"": ""24.7"", ""TD_AVG"": ""-99.0"", ""TG_MIN"": ""20.5"", ""TS_AVG"": ""-99.0"", ""WD_INS"": ""7"", ""WD_MAX"": ""7"", ""WR_DAY"": ""-9"", ""WS_AVG"": ""-9.0"", ""WS_INS"": ""7.7"", ""WS_MAX"": ""3.1"", ""HM_MIN_TM"": ""1125"", ""PS_MAX_TM"": ""1004"", ""PS_MIN_TM"": ""1507"", ""SD_MAX_TM"": ""-9"", ""SD_NEW_TM"": ""-9"", ""TA_MAX_TM"": ""1112"", ""TA_MIN_TM"": ""610"", ""WS_INS_TM"": ""1915"", ""WS_MAX_TM"": ""1923"", ""RN_10M_MAX"": ""0.2"", ""RN_60M_MAX"": ""0.2"", ""RN_POW_MAX"": ""-9.0"", ""SI_60M_MAX"": ""-9.00"", ""RN_10M_MAX_TM"": ""1846"", ""RN_60M_MAX_TM"": ""1756"", ""RN_POW_MAX_TM"": ""-9"", ""SI_60M_MAX_TM"": ""-9""}","20260814,108,-9.0,-9,7,3.1,1923,7,7.7,1915,-99.0,31.7,1112,24.7,610,-99.0,-99.0,20.5,-9.0,49.0,1125,-9.0,-9.0,-9.0,-9.00,-9.0,-9.0,1005.6,1004,1004.1,1507,-9.0,-9.0,13.7,-9.0,-9.00,-9.00,-9,0.2,-9.0,-9.00,0.2,1756,0.2,1846,-9.0,-9,-9.0,-9,-9.0,-9,28.7,26.9,25.8,20.6,16.1,",https://apihub.kma.go.kr/api/typ01/url/kma_sfcdd.php?tm=&stn=108&authKey=L_aqRjZLRCq2qkY2S3QqkA
226,2026-08-15T20:15:07.234293+09:00,2026-08-15,108,KMA_ASOS_DAILY,,29.5,25.1,1.3,,"{""TM"": ""20260815"", ""STN"": ""108"", ""EV_L"": ""-9.0"", ""EV_S"": ""-9.0"", ""TE_05"": ""28.5"", ""TE_10"": ""26.9"", ""TE_15"": ""25.9"", ""TE_30"": ""20.6"", ""TE_50"": ""16.1"", ""CA_TOT"": ""-9.0"", ""FG_DUR"": ""-9.00"", ""HM_AVG"": ""-9.0"", ""HM_MIN"": ""67.0"", ""PA_AVG"": ""-9.0"", ""PS_AVG"": ""-9.0"", ""PS_MAX"": ""1007.1"", ""PS_MIN"": ""1005.3"", ""PV_AVG"": ""-9.0"", ""RN_D99"": ""-9.0"", ""RN_DAY"": ""1.3"", ""RN_DUR"": ""-9.00"", ""SD_MAX"": ""-9.0"", ""SD_NEW"": ""-9.0"", ""SI_DAY"": ""-9.00"", ""SS_CMB"": ""-9.0"", ""SS_DAY"": ""-9.0"", ""SS_DUR"": ""13.6"", ""TA_AVG"": ""-99.0"", ""TA_MAX"": ""29.5"", ""TA_MIN"": ""25.1"", ""TD_AVG"": ""-99.0"", ""TG_MIN"": ""22.2"", ""TS_AVG"": ""-99.0"", ""WD_INS"": ""5"", ""WD_MAX"": ""5"", ""WR_DAY"": ""-9"", ""WS_AVG"": ""-9.0"", ""WS_INS"": ""5.6"", ""WS_MAX"": ""3.6"", ""HM_MIN_TM"": ""1341"", ""PS_MAX_TM"": ""1000"", ""PS_MIN_TM"": ""1807"", ""SD_MAX_TM"": ""-9"", ""SD_NEW_TM"": ""-9"", ""TA_MAX_TM"": ""1337"", ""TA_MIN_TM"": ""1825"", ""WS_INS_TM"": ""1212"", ""WS_MAX_TM"": ""1354"", ""RN_10M_MAX"": ""0.8"", ""RN_60M_MAX"": ""1.3"", ""RN_POW_MAX"": ""-9.0"", ""SI_60M_MAX"": ""-9.00"", ""RN_10M_MAX_TM"": ""1523"", ""RN_60M_MAX_TM"": ""1504"", ""RN_POW_MAX_TM"": ""-9"", ""SI_60M_MAX_TM"": ""-9""}","20260815,108,-9.0,-9,5,3.6,1354,5,5.6,1212,-99.0,29.5,1337,25.1,1825,-99.0,-99.0,22.2,-9.0,67.0,1341,-9.0,-9.0,-9.0,-9.00,-9.0,-9.0,1007.1,1000,1005.3,1807,-9.0,-9.0,13.6,-9.0,-9.00,-9.00,-9,1.3,-9.0,-9.00,1.3,1504,0.8,1523,-9.0,-9,-9.0,-9,-9.0,-9,28.5,26.9,25.9,20.6,16.1,",https://apihub.kma.go.kr/api/typ01/url/kma_sfcdd.php?tm=&stn=108&authKey=L_aqRjZLRCq2qkY2S3QqkA
231,2026-08-16T16:13:51.761082+09:00,2026-08-16,108,KMA_ASOS_DAILY,,25.5,22.6,10.5,,"{""TM"": ""20260816"", ""STN"": ""108"", ""EV_L"": ""-9.0"", ""EV_S"": ""-9.0"", ""TE_05"": ""28.2"", ""TE_10"": ""26.8"", ""TE_15"": ""25.9"", ""TE_30"": ""20.7"", ""TE_50"": ""16.2"", ""CA_TOT"": ""-9.0"", ""FG_DUR"": ""-9.00"", ""HM_AVG"": ""-9.0"", ""HM_MIN"": ""83.0"", ""PA_AVG"": ""-9.0"", ""PS_AVG"": ""-9.0"", ""PS_MAX"": ""1006.7"", ""PS_MIN"": ""1004.4"", ""PV_AVG"": ""-9.0"", ""RN_D99"": ""-9.0"", ""RN_DAY"": ""10.5"", ""RN_DUR"": ""-9.00"", ""SD_MAX"": ""-9.0"", ""SD_NEW"": ""-9.0"", ""SI_DAY"": ""-9.00"", ""SS_CMB"": ""-9.0"", ""SS_DAY"": ""-9.0"", ""SS_DUR"": ""13.6"", ""TA_AVG"": ""-99.0"", ""TA_MAX"": ""25.5"", ""TA_MIN"": ""22.6"", ""TD_AVG"": ""-99.0"", ""TG_MIN"": ""21.4"", ""TS_AVG"": ""-99.0"", ""WD_INS"": ""16"", ""WD_MAX"": ""5"", ""WR_DAY"": ""-9"", ""WS_AVG"": ""-9.0"", ""WS_INS"": ""7.6"", ""WS_MAX"": ""3.7"", ""HM_MIN_TM"": ""11"", ""PS_MAX_TM"": ""428"", ""PS_MIN_TM"": ""1539"", ""SD_MAX_TM"": ""-9"", ""SD_NEW_TM"": ""-9"", ""TA_MAX_TM"": ""4"", ""TA_MIN_TM"": ""716"", ""WS_INS_TM"": ""209"", ""WS_MAX_TM"": ""1030"", ""RN_10M_MAX"": ""1.5"", ""RN_60M_MAX"": ""4.7"", ""RN_POW_MAX"": ""-9.0"", ""SI_60M_MAX"": ""-9.00"", ""RN_10M_MAX_TM"": ""355"", ""RN_60M_MAX_TM"": ""320"", ""RN_POW_MAX_TM"": ""-9"", ""SI_60M_MAX_TM"": ""-9""}","20260816,108,-9.0,-9,5,3.7,1030,16,7.6,209,-99.0,25.5,4,22.6,716,-99.0,-99.0,21.4,-9.0,83.0,11,-9.0,-9.0,-9.0,-9.00,-9.0,-9.0,1006.7,428,1004.4,1539,-9.0,-9.0,13.6,-9.0,-9.00,-9.00,-9,10.5,-9.0,-9.00,4.7,320,1.5,355,-9.0,-9,-9.0,-9,-9.0,-9,28.2,26.8,25.9,20.7,16.2,",https://apihub.kma.go.kr/api/typ01/url/kma_sfcdd.php?tm=&stn=108&authKey=L_aqRjZLRCq2qkY2S3QqkA
