id,collected_at,target_date,tmax,tmin
92,2026-07-08T23:30:00.497439+09:00,2026-07-09,26,23
183,2026-07-09T23:30:00.434861+09:00,2026-07-10,29,24
274,2026-07-10T23:30:00.430170+09:00,2026-07-11,34,25
365,2026-07-11T23:30:00.439636+09:00,2026-07-12,37,25
456,2026-07-12T23:30:00.421279+09:00,2026-07-13,35,26
547,2026-07-13T23:30:00.443654+09:00,2026-07-14,33,25
638,2026-07-14T23:30:00.427114+09:00,2026-07-15,30,23
729,2026-07-15T23:30:00.494712+09:00,2026-07-16,31,23
820,2026-07-16T23:30:00.431003+09:00,2026-07-17,31,24
911,2026-07-17T23:30:00.434216+09:00,2026-07-18,25,23
1002,2026-07-18T23:30:00.430185+09:00,2026-07-19,28,23
1093,2026-07-19T23:30:00.428206+09:00,2026-07-20,28,24
1184,2026-07-20T23:30:00.427201+09:00,2026-07-21,27,25
1275,2026-07-21T23:30:00.443107+09:00,2026-07-22,30,25
1366,2026-07-22T23:30:00.414217+09:00,2026-07-23,28,24
1457,2026-07-23T23:30:00.418874+09:00,2026-07-24,31,25
1548,2026-07-24T23:30:00.436234+09:00,2026-07-25,32,25
1639,2026-07-25T23:30:00.427329+09:00,2026-07-26,31,26
1730,2026-07-26T23:30:00.435157+09:00,2026-07-27,32,26
1821,2026-07-27T23:30:00.439827+09:00,2026-07-28,32,26
1912,2026-07-28T23:30:00.435391+09:00,2026-07-29,33,25
2003,2026-07-29T23:30:00.426222+09:00,2026-07-30,32,25
2094,2026-07-30T23:30:00.433100+09:00,2026-07-31,33,26
2185,2026-07-31T23:30:00.416399+09:00,2026-08-01,34,26
2276,2026-08-01T23:30:00.433902+09:00,2026-08-02,35,26
2367,2026-08-02T23:30:00.424513+09:00,2026-08-03,37,27
2458,2026-08-03T23:30:00.426835+09:00,2026-08-04,38,28
2549,2026-08-04T23:30:00.431050+09:00,2026-08-05,36,28
2640,2026-08-05T23:30:00.430934+09:00,2026-08-06,38,27
2731,2026-08-06T23:30:00.428917+09:00,2026-08-07,39,28
2822,2026-08-07T23:30:00.432291+09:00,2026-08-08,37,24
2913,2026-08-08T23:30:00.435524+09:00,2026-08-09,34,23
3004,2026-08-09T23:30:00.428453+09:00,2026-08-10,34,23
3095,2026-08-10T23:30:00.439631+09:00,2026-08-11,34,20
3186,2026-08-11T23:30:00.428134+09:00,2026-08-12,33,22
3277,2026-08-12T23:30:00.432744+09:00,2026-08-13,33,24
3368,2026-08-13T23:30:00.431615+09:00,2026-08-14,32,24
3459,2026-08-14T23:30:00.437504+09:00,2026-08-15,30,24
3550,2026-08-15T23:30:00.431593+09:00,2026-08-16,27,23
3641,2026-08-16T23:30:00.433840+09:00,2026-08-17,30,24
3732,2026-08-17T23:30:00.424000+09:00,2026-08-18,32,23
3823,2026-08-18T23:30:00.430480+09:00,2026-08-19,31,23
3914,2026-08-19T23:30:00.434846+09:00,2026-08-20,27,23
4005,2026-08-20T23:30:00.435580+09:00,2026-08-21,27,23
4096,2026-08-21T23:30:00.433396+09:00,2026-08-22,28,24
4187,2026-08-22T23:30:00.429730+09:00,2026-08-23,34,25
4278,2026-08-23T23:30:00.439169+09:00,2026-08-24,33,26
4369,2026-08-24T23:30:00.424621+09:00,2026-08-25,32,25
4460,2026-08-25T23:30:00.427135+09:00,2026-08-26,31,25
4551,2026-08-26T23:30:00.439719+09:00,2026-08-27,31,24
4642,2026-08-27T23:30:00.433611+09:00,2026-08-28,30,25
4733,2026-08-28T23:30:00.434318+09:00,2026-08-29,31,24
4824,2026-08-29T23:30:00.428868+09:00,2026-08-30,28,24
4915,2026-08-30T23:30:00.440535+09:00,2026-08-31,24,23
5006,2026-08-31T23:30:00.432312+09:00,2026-09-01,28,23
5097,2026-09-01T23:30:00.423893+09:00,2026-09-02,28,20
5188,2026-09-02T23:30:00.438286+09:00,2026-09-03,32,20
5279,2026-09-03T23:30:00.440189+09:00,2026-09-04,31,18
5370,2026-09-04T23:30:00.434033+09:00,2026-09-05,30,18
5461,2026-09-05T23:30:00.432361+09:00,2026-09-06,30,17
5552,2026-09-06T23:30:00.442919+09:00,2026-09-07,30,16
5643,2026-09-07T23:30:00.439716+09:00,2026-09-08,31,20
5734,2026-09-08T23:30:00.434304+09:00,2026-09-09,27,14
5825,2026-09-09T23:30:00.429995+09:00,2026-09-10,25,15
5916,2026-09-10T23:30:00.424711+09:00,2026-09-11,28,16
6007,2026-09-11T23:30:00.510840+09:00,2026-09-12,28,19
6098,2026-09-12T23:30:00.449138+09:00,2026-09-13,26,18
6189,2026-09-13T23:30:00.436111+09:00,2026-09-14,28,13
6280,2026-09-14T23:30:00.435172+09:00,2026-09-15,28,14
6371,2026-09-15T23:30:00.441248+09:00,2026-09-16,29,17
6462,2026-09-16T23:30:00.435724+09:00,2026-09-17,28,17
6553,2026-09-17T23:30:00.434574+09:00,2026-09-18,30,17
6644,2026-09-18T23:30:00.442120+09:00,2026-09-19,30,17
6735,2026-09-19T23:30:00.426317+09:00,2026-09-20,30,17
6826,2026-09-20T23:30:00.437186+09:00,2026-09-21,32,17
6917,2026-09-21T23:30:00.434224+09:00,2026-09-22,30,17
7008,2026-09-22T23:30:00.444437+09:00,2026-09-23,30,19
7099,2026-09-23T23:30:00.433894+09:00,2026-09-24,28,18
7190,2026-09-24T23:30:00.425608+09:00,2026-09-25,27,19
7281,2026-09-25T23:30:00.433083+09:00,2026-09-26,27,16
7372,2026-09-26T23:30:00.440093+09:00,2026-09-27,28,19
7463,2026-09-27T23:30:00.433200+09:00,2026-09-28,26,15
7554,2026-09-28T23:30:00.441625+09:00,2026-09-29,27,13
7645,2026-09-29T23:30:00.430843+09:00,2026-09-30,28,13
7736,2026-09-30T23:30:00.429592+09:00,2026-10-01,23,9
7827,2026-10-01T23:30:00.427693+09:00,2026-10-02,23,9
7918,2026-10-02T23:30:00.424820+09:00,2026-10-03,24,14
7919,2026-10-02T23:30:00.424820+09:00,2026-10-04,26,15
7920,2026-10-02T23:30:00.424820+09:00,2026-10-05,22,10
7921,2026-10-02T23:30:00.424820+09:00,2026-10-06,24,9
7922,2026-10-02T23:30:00.424820+09:00,2026-10-07,24,9
7923,2026-10-02T23:30:00.424820+09:00,2026-10-08,26,12
7924,2026-10-02T23:30:00.424820+09:00,2026-10-09,28,14
7925,2026-10-02T23:30:00.424820+09:00,2026-10-10,28,14
7926,2026-10-02T23:30:00.424820+09:00,2026-10-11,27,15
7927,2026-10-02T23:30:00.424820+09:00,2026-10-12,24,14
7928,2026-10-02T23:30:00.424820+09:00,2026-10-13,23,13
7929,2026-10-02T23:30:00.424820+09:00,2026-10-14,23,13
7930,2026-10-02T23:30:00.424820+09:00,2026-10-15,23,13
7931,2026-10-02T23:30:00.424820+09:00,2026-10-16,19,8
7932,2026-10-02T23:30:00.424820+09:00,2026-10-17,18,11
7933,2026-10-02T23:30:00.424820+09:00,2026-10-18,18,8
7934,2026-10-02T23:30:00.424820+09:00,2026-10-19,17,11
7935,2026-10-02T23:30:00.424820+09:00,2026-10-20,19,10
7936,2026-10-02T23:30:00.424820+09:00,2026-10-21,18,9
7937,2026-10-02T23:30:00.424820+09:00,2026-10-22,20,9
7938,2026-10-02T23:30:00.424820+09:00,2026-10-23,20,12
7939,2026-10-02T23:30:00.424820+09:00,2026-10-24,21,10
7940,2026-10-02T23:30:00.424820+09:00,2026-10-25,20,9
7941,2026-10-02T23:30:00.424820+09:00,2026-10-26,19,11
7942,2026-10-02T23:30:00.424820+09:00,2026-10-27,19,11
7943,2026-10-02T23:30:00.424820+09:00,2026-10-28,19,11
7944,2026-10-02T23:30:00.424820+09:00,2026-10-29,19,10
7945,2026-10-02T23:30:00.424820+09:00,2026-10-30,18,10
7946,2026-10-02T23:30:00.424820+09:00,2026-10-31,17,5
7947,2026-10-02T23:30:00.424820+09:00,2026-11-01,14,6
7948,2026-10-02T23:30:00.424820+09:00,2026-11-02,16,8
7949,2026-10-02T23:30:00.424820+09:00,2026-11-03,17,9
7950,2026-10-02T23:30:00.424820+09:00,2026-11-04,18,10
7951,2026-10-02T23:30:00.424820+09:00,2026-11-05,18,9
7952,2026-10-02T23:30:00.424820+09:00,2026-11-06,17,9
7953,2026-10-02T23:30:00.424820+09:00,2026-11-07,17,8
7954,2026-10-02T23:30:00.424820+09:00,2026-11-08,17,8
7955,2026-10-02T23:30:00.424820+09:00,2026-11-09,16,8
7956,2026-10-02T23:30:00.424820+09:00,2026-11-10,15,8
7957,2026-10-02T23:30:00.424820+09:00,2026-11-11,12,6
7958,2026-10-02T23:30:00.424820+09:00,2026-11-12,13,6
7959,2026-10-02T23:30:00.424820+09:00,2026-11-13,14,6
7960,2026-10-02T23:30:00.424820+09:00,2026-11-14,15,7
7961,2026-10-02T23:30:00.424820+09:00,2026-11-15,15,3
7962,2026-10-02T23:30:00.424820+09:00,2026-11-16,15,4
7963,2026-10-02T23:30:00.424820+09:00,2026-11-17,12,5
7964,2026-10-02T23:30:00.424820+09:00,2026-11-18,13,5
7965,2026-10-02T23:30:00.424820+09:00,2026-11-19,13,5
7966,2026-10-02T23:30:00.424820+09:00,2026-11-20,13,4
7967,2026-10-02T23:30:00.424820+09:00,2026-11-21,12,4
7968,2026-10-02T23:30:00.424820+09:00,2026-11-22,12,4
7969,2026-10-02T23:30:00.424820+09:00,2026-11-23,12,4
7970,2026-10-02T23:30:00.424820+09:00,2026-11-24,11,-1
7971,2026-10-02T23:30:00.424820+09:00,2026-11-25,11,-3
7972,2026-10-02T23:30:00.424820+09:00,2026-11-26,7,0
7973,2026-10-02T23:30:00.424820+09:00,2026-11-27,6,2
7974,2026-10-02T23:30:00.424820+09:00,2026-11-28,12,4
7975,2026-10-02T23:30:00.424820+09:00,2026-11-29,13,3
7976,2026-10-02T23:30:00.424820+09:00,2026-11-30,12,2
7977,2026-10-02T23:30:00.424820+09:00,2026-12-01,10,1
7978,2026-10-02T23:30:00.424820+09:00,2026-12-02,9,-4
7979,2026-10-02T23:30:00.424820+09:00,2026-12-03,6,-4
7980,2026-10-02T23:30:00.424820+09:00,2026-12-04,5,-4
7981,2026-10-02T23:30:00.424820+09:00,2026-12-05,4,2
7982,2026-10-02T23:30:00.424820+09:00,2026-12-06,8,-2
7983,2026-10-02T23:30:00.424820+09:00,2026-12-07,9,-4
7984,2026-10-02T23:30:00.424820+09:00,2026-12-08,6,-2
7985,2026-10-02T23:30:00.424820+09:00,2026-12-09,4,-6
7986,2026-10-02T23:30:00.424820+09:00,2026-12-10,6,-5
7987,2026-10-02T23:30:00.424820+09:00,2026-12-11,3,-1
7988,2026-10-02T23:30:00.424820+09:00,2026-12-12,4,-5
7989,2026-10-02T23:30:00.424820+09:00,2026-12-13,7,-7
7990,2026-10-02T23:30:00.424820+09:00,2026-12-14,6,-7
7991,2026-10-02T23:30:00.424820+09:00,2026-12-15,2,-8
7992,2026-10-02T23:30:00.424820+09:00,2026-12-16,3,-8
7993,2026-10-02T23:30:00.424820+09:00,2026-12-17,2,-6
7994,2026-10-02T23:30:00.424820+09:00,2026-12-18,2,-7
7995,2026-10-02T23:30:00.424820+09:00,2026-12-19,3,-7
7996,2026-10-02T23:30:00.424820+09:00,2026-12-20,2,-7
7997,2026-10-02T23:30:00.424820+09:00,2026-12-21,2,-6
7998,2026-10-02T23:30:00.424820+09:00,2026-12-22,3,-5
7999,2026-10-02T23:30:00.424820+09:00,2026-12-23,3,-7
8000,2026-10-02T23:30:00.424820+09:00,2026-12-24,5,-5
8001,2026-10-02T23:30:00.424820+09:00,2026-12-25,1,-2
8002,2026-10-02T23:30:00.424820+09:00,2026-12-26,7,-8
8003,2026-10-02T23:30:00.424820+09:00,2026-12-27,6,-8
8004,2026-10-02T23:30:00.424820+09:00,2026-12-28,1,-8
8005,2026-10-02T23:30:00.424820+09:00,2026-12-29,1,-4
8006,2026-10-02T23:30:00.424820+09:00,2026-12-30,6,-2
8007,2026-10-02T23:30:00.424820+09:00,2026-12-31,0,-7
8008,2026-10-02T23:30:00.424820+09:00,2027-01-01,0,-9
